Date,Air_Temp,Humidity,Wind_Speed,Wind_Direction
2015-01-01,-2.2,70.5,7.2,235.9
2015-01-02,-10.4,86.8,19.1,7.7
2015-01-03,-19.7,75.7,10.2,10.3
2015-01-04,-21.4,71.3,12.6,209.8
2015-01-05,-16.2,71.1,11.6,13
2015-01-06,-14.8,79.3,9.7,68.7
2015-01-07,-6.6,74.7,20.2,178
2015-01-08,-12.9,67.6,19.7,350.1
2015-01-09,-12.7,70.5,7.9,231.2
2015-01-10,-8.8,76.4,10.8,73.2
2015-01-11,-12.9,83.3,6.9,208.4
2015-01-12,-11.2,72.7,6.7,322.1
2015-01-13,-0.7,50.5,8.2,264.4
2015-01-14,6.4,43.8,23.4,268.2
2015-01-15,4.4,45,14,247.9
2015-01-16,4.2,43.5,23.6,279.2
2015-01-17,3.5,38.5,18.3,281.7
2015-01-18,1.5,60.4,14,240
2015-01-19,3.9,39,21,279.6
2015-01-20,0.3,43.9,14.7,294
2015-01-21,0.1,48.4,14,222.3
2015-01-22,7.9,40.7,31.7,274.8
2015-01-23,7.3,42.6,21.3,263.9
2015-01-24,7.1,42.7,20.1,266.8
2015-01-25,9,49.3,11,218.2
2015-01-26,6.5,58.3,9,227.2
2015-01-27,7.6,49.3,10.3,232.5
2015-01-28,1.4,73.2,8.9,134.1
2015-01-29,0,66.3,7.2,182.5
2015-01-30,-2,68.2,13.2,35.7
2015-01-31,-13.3,80.3,15.8,37.5
2015-02-01,-13,78.3,10.6,336.7
2015-02-02,-14.2,79.2,14,60.4
2015-02-03,-14.5,71.2,8.9,341.5
2015-02-04,-5.3,56,13.5,220.4
2015-02-05,-8.5,83.2,14.5,70.9
2015-02-06,-13.9,85.1,10.1,77.3
2015-02-07,-4.6,74,8.8,210.8
2015-02-08,-10.3,73.9,14.1,73.9
2015-02-09,-13,79.6,13.1,69.9
2015-02-10,-10,75.4,9.8,54.2
2015-02-11,-9.7,89,19.2,165
2015-02-12,4.2,61.2,13.1,257.1
2015-02-13,7.1,59.2,11.4,187.3
2015-02-14,2.6,71.3,21,310.2
2015-02-15,1.3,56.8,10.3,348.9
2015-02-16,-0.5,68.6,18,343.9
2015-02-17,-3,79.2,9.1,208.7
2015-02-18,2.9,59.1,8.4,209.6
2015-02-19,5.7,44.6,16.1,298.7
2015-02-20,-0.5,74.3,19.2,341.7
2015-02-21,-8.7,79.2,13.4,20.3
2015-02-22,-5.6,60.3,9.8,213.6
2015-02-23,6.2,48.5,14.5,311.2
2015-02-24,5.8,51,20.6,328.5
2015-02-25,-9.2,79.1,19.2,83
2015-02-26,-11.6,77.9,21.8,178.7
2015-02-27,-9.2,75.1,18.1,357.3
2015-02-28,-7.8,64.5,12.9,318.3
2015-03-01,-5.9,63.7,12.2,208.7
2015-03-02,-6.2,66.8,30.7,350.9
2015-03-03,-12.7,49.4,12.5,321.7
2015-03-04,-7.8,50.5,9.9,185.9
2015-03-05,3.6,37.1,15.9,293
2015-03-06,6.4,39,15.4,286.3
2015-03-07,0.7,57.7,9.3,25
2015-03-08,5.8,40.5,18.8,288.2
2015-03-09,9.3,44.4,17.4,256
2015-03-10,3.7,74.5,9.5,81.1
2015-03-11,7.7,52.7,11,265.2
2015-03-12,9.6,36.9,18.3,273.6
2015-03-13,10.4,33,12.7,182.2
2015-03-14,11.4,35.5,22.9,239.2
2015-03-15,2,58.1,14.8,66.8
2015-03-16,-1.9,86.6,12,150.4
2015-03-17,-1.8,83.8,14.2,184.1
2015-03-18,3.6,61,11.2,204.8
2015-03-19,6.2,50.5,16.5,264.7
2015-03-20,-0.4,88.8,15.6,125.5
2015-03-21,-1,97.3,13.4,94.4
2015-03-22,-1.7,76.5,9.8,16.6
2015-03-23,-4,88,8.4,139
2015-03-24,-1.3,81.4,9,44
2015-03-25,3.2,56.2,12,259.9
2015-03-26,10.4,43.4,19.1,269.6
2015-03-27,13.4,33.3,12.2,224.1
2015-03-28,6.3,64.7,15.6,9.7
2015-03-29,8.1,50.5,15.2,239.1
2015-03-30,9.2,46.2,11.5,226.4
2015-03-31,9.4,38.2,23.7,249
2015-04-01,3.4,42.3,30,310.5
2015-04-02,1.3,65,10.5,276.5
2015-04-03,2.4,54.6,8.1,120.9
2015-04-04,-0.7,74.5,14.8,69.7
2015-04-05,-2.1,83.2,9.9,151.3
2015-04-06,-2.7,85.7,13.6,153.1
2015-04-07,0.4,64.8,7.8,228.1
2015-04-08,4,40.8,6.7,286.2
2015-04-09,8,29.1,8.3,179.3
2015-04-10,8.3,32.8,14.1,208.2
2015-04-11,6.4,38.9,19.6,264.1
2015-04-12,3.2,31.9,25.2,261.2
2015-04-13,4.5,38.8,8.9,280.1
2015-04-14,4.3,61.1,20.5,336
2015-04-15,6.8,36.8,15.2,289.8
2015-04-16,11.6,28.5,17.6,290.9
2015-04-17,10.3,40.6,21.7,222.2
2015-04-18,5.7,48,21.9,341.6
2015-04-19,5.5,43.8,8.5,146.8
2015-04-20,11,39.6,10.8,8
2015-04-21,14,40.4,13.6,166.7
2015-04-22,12.1,38,18.5,218.3
2015-04-23,7,48.6,10.6,128
2015-04-24,5.1,69,17.8,5.8
2015-04-25,1.5,77.4,21.2,358.8
2015-04-26,4.3,56.2,11.4,170
2015-04-27,11.8,35.5,12.9,246.9
2015-04-28,16.5,33.1,11.6,225
2015-04-29,9.7,52.5,16.5,359.1
2015-04-30,8.8,42.3,13.1,275.4
2015-05-01,10,44.4,16.5,308.5
2015-05-02,5.9,51.6,19.2,342.8
2015-05-03,7,48.8,12,175.6
2015-05-04,11.5,38.1,12.3,148.8
2015-05-05,10.6,46.7,20.6,7.6
2015-05-06,4.1,61.6,27.7,351.3
2015-05-07,6,57.5,13.9,4.7
2015-05-08,6,64.1,7.2,79.3
2015-05-09,10.1,42.3,14.2,3.3
2015-05-10,9.4,48.1,9.1,52.4
2015-05-11,7.2,45.9,12.1,115.3
2015-05-12,7.4,36.7,13.5,138.8
2015-05-13,7.7,43,15.4,184.1
2015-05-14,6.8,80.9,13.6,147.3
2015-05-15,8.8,85.9,15,160.9
2015-05-16,6.4,90.9,18.5,358.9
2015-05-17,5.2,60.1,11,54.8
2015-05-18,8.5,44.4,20.8,166
2015-05-19,10,39.6,17.1,171.1
2015-05-20,12.5,34.6,21.7,172
2015-05-21,14,34.2,17.8,171.4
2015-05-22,14.6,36,7.2,63.9
2015-05-23,15.7,32,8.4,140.5
2015-05-24,15.9,36.8,16.4,186.7
2015-05-25,15.8,45.8,13.5,181.8
2015-05-26,15.6,51.6,11.9,329.1
2015-05-27,16.4,54.1,10.7,311.6
2015-05-28,10.5,72.3,19.4,22.4
2015-05-29,10.2,69.6,18.2,148.5
2015-05-30,11.5,72.9,13.3,152.7
2015-05-31,16.8,53.6,14.1,11
2015-06-01,16,53.9,10.4,180
2015-06-02,11,79.3,16.4,151.2
2015-06-03,10.8,88.7,11.9,103.3
2015-06-04,12.8,75.8,11.7,65.6
2015-06-05,15.5,61,10.9,15.5
2015-06-06,18.9,47,8.5,334.6
2015-06-07,19.8,45,11.3,74.5
2015-06-08,22.2,40.6,15.2,344.8
2015-06-09,17.9,43.4,13.1,100.8
2015-06-10,18.5,52,14.3,143.2
2015-06-11,19.2,52.7,16.3,327.2
2015-06-12,9.3,71.4,14.9,322.1
2015-06-13,9.1,71.7,14.7,300.9
2015-06-14,9.8,67,17.7,338.1
2015-06-15,11.9,62.9,11.9,167.5
2015-06-16,15.4,55.5,12.9,206.7
2015-06-17,10.1,88.3,14.3,69.7
2015-06-18,13.6,76.2,14.6,166.2
2015-06-19,15.2,62,19.2,328.4
2015-06-20,12.5,62,10.6,63
2015-06-21,12.2,66.2,10.6,280.3
2015-06-22,15.8,53.4,8,162.6
2015-06-23,16,57.5,12.1,331
2015-06-24,17.6,54.5,9.4,187.3
2015-06-25,21.1,51.4,9.5,65.2
2015-06-26,23,45,13.9,139.6
2015-06-27,22.9,52.3,11.5,58.8
2015-06-28,24.4,46.6,12.7,9.6
2015-06-29,20.6,58.9,9.8,121.6
2015-06-30,18.8,75.9,14.8,349.2
2015-07-01,18.6,67,16,333.7
2015-07-02,20.8,60.6,11.9,150.6
2015-07-03,23.2,51.6,10.3,25.6
2015-07-04,16.7,59.2,13.1,2.4
2015-07-05,13.5,63.4,20.5,3.9
2015-07-06,15.5,65,13,160.5
2015-07-07,15.4,70.9,13.6,42.8
2015-07-08,20.6,51.2,11.9,206.4
2015-07-09,24.7,37.4,11.6,177.3
2015-07-10,23.1,50.8,14.1,357.9
2015-07-11,23,53,11.1,354.2
2015-07-12,20.7,63.1,10.4,306
2015-07-13,17.5,72.4,12.1,12
2015-07-14,17,66.4,12.2,333.5
2015-07-15,19.2,50.9,10.7,261
2015-07-16,12.1,67.9,17.6,315.7
2015-07-17,12.5,76,35.3,316.1
2015-07-18,20,46.7,12.7,250.6
2015-07-19,19.9,52.2,15.6,18.3
2015-07-20,20.7,56.5,16.1,179.9
2015-07-21,20.4,61.8,16,17.2
2015-07-22,16.8,62.3,14.8,96.4
2015-07-23,16.9,56.5,10.2,205.7
2015-07-24,20.1,41.4,8.2,201.8
2015-07-25,17.1,53.8,13.4,229.4
2015-07-26,14.4,68.8,11.7,27.6
2015-07-27,12.9,65.2,13.4,338.9
2015-07-28,17,45.6,9.6,315.2
2015-07-29,18.1,44.6,18.3,310.7
2015-07-30,18.2,49.9,10,95.5
2015-07-31,22,38.5,11.8,138.3
2015-08-01,20.1,55.9,13.8,40.3
2015-08-02,21.2,55.3,18.7,156.9
2015-08-03,21.9,52.4,12.8,179.7
2015-08-04,18.1,63.5,19.3,340.3
2015-08-05,14.4,80.4,10.7,0.1
2015-08-06,12.5,81.6,10.7,329.7
2015-08-07,16.5,60.7,8.9,187.4
2015-08-08,18.7,51.8,7.7,165.5
2015-08-09,20.7,45.4,7.8,275.4
2015-08-10,20.4,52.2,11.3,91.6
2015-08-11,21.5,51.8,9,57.2
2015-08-12,22.6,41.5,8,158.1
2015-08-13,24.2,34.3,10.5,257.7
2015-08-14,17.6,63.3,17.8,15.3
2015-08-15,10.8,84.6,17.1,339.6
2015-08-16,12,71.5,8,266.7
2015-08-17,13.1,68.6,9.8,206.9
2015-08-18,14.5,64,15.1,349.7
2015-08-19,19.2,47.1,12.3,236.4
2015-08-20,14.6,74.8,10.5,109.3
2015-08-21,7.7,90.4,23.9,359.6
2015-08-22,10.5,54.1,12.2,276.6
2015-08-23,14.8,53.5,10.8,184.8
2015-08-24,17.3,52.9,7.5,52.7
2015-08-25,17.2,58.6,8.2,5.1
2015-08-26,16.2,78.7,10,14.3
2015-08-27,17.1,64.8,5.8,287.8
2015-08-28,19.3,44.2,14,216.1
2015-08-29,19.6,45.5,17.9,174.6
2015-08-30,15.5,41.8,18.2,239.3
2015-08-31,16.1,37.7,12.3,237.2
2015-09-01,15.8,45,8.5,221.1
2015-09-02,14.7,41.4,21.2,236
2015-09-03,8.7,73,10.3,45.6
2015-09-04,5.4,87.8,23.4,346.4
2015-09-05,4.8,93.1,13.9,18.8
2015-09-06,5.5,81.2,20.3,312.1
2015-09-07,9.4,68.6,7.3,264.5
2015-09-08,11.5,57.9,13.8,252.6
2015-09-09,12.7,69.4,9.9,177.3
2015-09-10,13.1,67.5,8,188.1
2015-09-11,17.8,54.4,10.3,205.6
2015-09-12,20,41.8,12.6,290.3
2015-09-13,10.1,83,10.3,122.1
2015-09-14,5.5,89.9,12.6,39.1
2015-09-15,7.7,79.4,13.7,57.6
2015-09-16,7.1,72.1,7.7,51.1
2015-09-17,9,55.1,11.5,245.4
2015-09-18,11.8,44.8,15.5,231.7
2015-09-19,14.7,44.3,15.6,246.2
2015-09-20,14.7,57.9,17.8,350
2015-09-21,6.9,64.9,14.7,34.3
2015-09-22,9.7,62.5,11.3,130.8
2015-09-23,10.6,60,6.6,171.4
2015-09-24,12.5,47.7,14.9,184.8
2015-09-25,11.6,57.3,17.2,38.6
2015-09-26,9.6,58.6,9.7,309.2
2015-09-27,9.6,40.5,15.6,338.6
2015-09-28,8.1,55.8,12.4,190.4
2015-09-29,11.2,54.4,5.7,165.3
2015-09-30,12.4,56,5.7,140.2
2015-10-01,12.2,57.5,9.5,196.4
2015-10-02,11.7,62.5,17.8,21.9
2015-10-03,1.9,84.2,30.5,344.5
2015-10-04,2.5,77.9,10.6,149.1
2015-10-05,6,66.8,13.1,16.8
2015-10-06,7.1,66.6,12.1,197.8
2015-10-07,12.8,55.2,9.1,22.6
2015-10-08,12.2,59,7.7,238.2
2015-10-09,16.9,44.7,9.8,192.4
2015-10-10,16.4,47.8,15.6,223.3
2015-10-11,13.1,35.5,27.5,269.5
2015-10-12,9.9,42.7,16.4,209.4
2015-10-13,9.9,38.2,17.1,243.1
2015-10-14,7,43.3,11.5,354.5
2015-10-15,6.5,49.1,14.1,178.9
2015-10-16,6.4,53.4,9,169.7
2015-10-17,9.1,54.2,9.5,192.3
2015-10-18,12.6,50.6,11.8,81.5
2015-10-19,10.5,64.7,6.2,4.5
2015-10-20,8.4,62.8,16.1,285.4
2015-10-21,11.2,49.2,9.6,237.3
2015-10-22,9.8,47,13.5,312.6
2015-10-23,4.4,55,8.1,213.2
2015-10-24,2,71.9,10.4,4.4
2015-10-25,1.3,69.3,12.7,149.3
2015-10-26,4,67.2,16.5,181
2015-10-27,1.7,63.5,18.4,355.9
2015-10-28,0.6,64.4,12.3,182.5
2015-10-29,7.1,53.5,12.6,281.6
2015-10-30,5.9,53.6,11.7,218.6
2015-10-31,4.5,56.1,8.8,141.3
2015-11-01,2.1,72,9.8,2.5
2015-11-02,0.4,90.1,6.9,225.5
2015-11-03,-1.8,88.4,8,308.6
2015-11-04,-0.7,68.4,7.9,200
2015-11-05,0.5,61.8,11.3,333.3
2015-11-06,2.4,55,13,218.8
2015-11-07,8.3,50.3,14.4,287
2015-11-08,1.8,79.4,16.8,359.4
2015-11-09,-0.9,88.8,10.4,22.2
2015-11-10,-3,80,10.6,197.5
2015-11-11,2.7,52.1,16.9,258.8
2015-11-12,1.1,36.8,15.3,217.9
2015-11-13,3.6,61.2,15,255.6
2015-11-14,0.9,78,7.9,97.9
2015-11-15,3.5,70.7,16.8,193.7
2015-11-16,-1,59.3,19.8,295.2
2015-11-17,2,55.2,17.9,251.9
2015-11-18,-4.7,69.2,18.9,341.2
2015-11-19,-5.2,60.5,17.1,302
2015-11-20,-6.6,65.1,12,257.4
2015-11-21,3.5,38.9,28.8,269.5
2015-11-22,4.9,42.2,18.5,212.3
2015-11-23,-3.5,79.2,11.2,24.9
2015-11-24,-8.5,83.1,25,342.2
2015-11-25,-9.9,67.2,7.5,237.7
2015-11-26,-6.8,63.2,7.5,203
2015-11-27,-1.7,45.6,5.5,236.6
2015-11-28,-3.6,54.7,5.1,216.5
2015-11-29,-2.7,53.1,3.3,98.8
2015-11-30,-3.5,57.1,4.7,203.1
2015-12-01,0.5,45.8,9.4,297.5
2015-12-02,2.5,46,11.7,241.2
2015-12-03,1.9,58.3,16.1,184.3
2015-12-04,4.1,52.7,11.7,239.4
2015-12-05,1.5,45.6,12.8,210
2015-12-06,1.7,57,7.5,242.5
2015-12-07,3.3,51.5,10.6,234.6
2015-12-08,4.7,55.2,17.3,216.5
2015-12-09,2.1,80,13.8,9
2015-12-10,-2.3,89.7,10.9,167.5
2015-12-11,-2.2,93.8,6.4,113.2
2015-12-12,-5.4,93.3,11.3,186.5
2015-12-13,-5.9,92.7,12.7,314.7
2015-12-14,-6.6,84,12.4,319.7
2015-12-15,-5.6,76.3,12.7,252.4
2015-12-16,-7.1,76.5,10.3,303.2
2015-12-17,-14,72.9,4.9,342
2015-12-18,-13.3,81.2,14,164.9
2015-12-19,-8.3,68.1,8.4,218.3
2015-12-20,-5.5,63.8,10.1,175.2
2015-12-21,-5.6,56.2,8.8,227.6
2015-12-22,-9.6,65.9,5.6,339.3
2015-12-23,-12.3,71.8,5.3,352.6
2015-12-24,-13.3,81.2,10.7,14.2
2015-12-25,-17.7,82.2,10.7,169.1
2015-12-26,-16.6,78.5,9,194.4
2015-12-27,-5.1,60.7,8.1,242.1
2015-12-28,-6.9,83.5,10.9,351.6
2015-12-29,-12.9,83.8,4.9,288.3
2015-12-30,-10.1,63.1,9.2,285.4
2015-12-31,-5.1,47,8.9,231.6
2016-01-01,-5.5,49.1,7.1,206.9
2016-01-02,-9.3,62.1,5.7,198.7
2016-01-03,-9.3,63.5,5.5,185.7
2016-01-04,-6.2,59.9,7.7,336.6
2016-01-05,-9.5,72.4,8.4,149.9
2016-01-06,-11.6,79,15,0.3
2016-01-07,-10.5,81.4,16.2,1.6
2016-01-08,-17.7,81.9,7.5,157
2016-01-09,-17.3,75,6.7,208.3
2016-01-10,-5.7,53.9,7.4,234.8
2016-01-11,-4.8,75.4,10,185.6
2016-01-12,1.2,52.8,20.2,260.8
2016-01-13,2.4,59.1,13.8,270.8
2016-01-14,-0.7,83.1,13.6,330.6
2016-01-15,-10.8,82.4,11.1,70.8
2016-01-16,-15.4,84,13.8,138.3
2016-01-17,-15.9,81.1,15.8,175.9
2016-01-18,-2,60.6,12,243
2016-01-19,-2.6,60,7.4,265.1
2016-01-20,-8.5,80.4,7.4,36.4
2016-01-21,-5,74.8,10.2,190.2
2016-01-22,2.3,66.1,8,258.5
2016-01-23,0.4,71,10.3,180.8
2016-01-24,-3.2,89.7,10,356.2
2016-01-25,-6.2,74.8,4.9,191.8
2016-01-26,5,50.3,14.6,253.6
2016-01-27,6.5,44.2,13.7,253.3
2016-01-28,6.5,58.8,12.1,256.9
2016-01-29,2.6,41.4,13.3,271.6
2016-01-30,1.3,46,17,292
2016-01-31,-1.5,70.7,9.9,348.8
2016-02-01,-3.3,82.8,11.6,173
2016-02-02,-5.4,75.4,9.8,9.7
2016-02-03,-5.5,56.8,8.5,232.9
2016-02-04,0.6,43.3,16.8,255.8
2016-02-05,5.1,41.2,17,241.1
2016-02-06,3.2,38.4,24.7,261.7
2016-02-07,0.4,33.2,16.5,235.3
2016-02-08,7.4,39.2,16.8,267.5
2016-02-09,8.3,35.2,9.7,275.9
2016-02-10,0.5,75.2,10.5,87.3
2016-02-11,2.1,81.6,9.5,31.8
2016-02-12,-2.5,96,17.6,156
2016-02-13,3.4,59.6,15,262.5
2016-02-14,4.2,40.2,15.5,264.3
2016-02-15,3.6,45.5,16.1,264.1
2016-02-16,2.2,52,10.3,176.2
2016-02-17,1.4,56.9,8.3,170.9
2016-02-18,3.4,61.9,14.8,222.7
2016-02-19,3.4,67.4,17.6,181.4
2016-02-20,-3,77.3,13.6,103.4
2016-02-21,1.2,40.3,10.4,295.9
2016-02-22,0.6,41.9,11.2,324.5
2016-02-23,0,43.3,13.1,255.9
2016-02-24,-3.3,55.5,12.2,137.2
2016-02-25,3.2,44,9.6,199.5
2016-02-26,9.8,27.4,15.5,252.8
2016-02-27,5.5,61.1,20,306.6
2016-02-28,0.7,66.5,12.9,143.3
2016-02-29,-5.6,85,13.9,147.4
2016-03-01,-0.2,64.1,11.4,175.7
2016-03-02,-0.4,89.9,13.9,80.8
2016-03-03,3.3,63.7,17.1,232.5
2016-03-04,3.9,51.4,8.4,191.4
2016-03-05,6,47.8,13.6,229.3
2016-03-06,3.9,64.9,11.3,143
2016-03-07,5.3,44.5,12.2,333.6
2016-03-08,3.2,51.3,12.5,0.8
2016-03-09,2.2,46.9,8.4,252.7
2016-03-10,5.7,45.2,19.9,203
2016-03-11,6.5,29.3,13.4,213.4
2016-03-12,6.7,41.7,9.7,215.6
2016-03-13,5.1,34.5,17.8,270
2016-03-14,1.2,59.4,15.1,318.6
2016-03-15,0.6,69.4,14.6,318.4
2016-03-16,2.7,34.8,22.7,314.7
2016-03-17,-1.6,67.2,21.4,343.9
2016-03-18,-2.2,54.8,10.8,136.7
2016-03-19,0.9,47.2,11.4,160.8
2016-03-20,5.7,36.8,8.2,33.7
2016-03-21,0.7,73.9,12.9,24.2
2016-03-22,-1.5,77,10.1,52.3
2016-03-23,2.6,58,10.4,213
2016-03-24,4.3,60.3,14.5,5.6
2016-03-25,1.5,74.8,8.2,312.7
2016-03-26,4.1,46.6,10.7,221.8
2016-03-27,4,44.2,8.3,187.7
2016-03-28,5.3,56.1,25,347
2016-03-29,6.5,43.7,14.8,350.3
2016-03-30,8.7,54.7,21.4,335.9
2016-03-31,5,72.5,15.3,1.6
2016-04-01,12.2,39.8,13.2,348.5
2016-04-02,14,30.5,22.1,270.8
2016-04-03,9.8,38.8,12.7,113.6
2016-04-04,7.8,51.2,14.1,192.1
2016-04-05,8,48.2,26.3,304.4
2016-04-06,10.6,31.4,20.9,311.7
2016-04-07,8.5,33.9,9.8,79.3
2016-04-08,12.6,34.3,13.6,212.2
2016-04-09,9.5,44,31.1,352.9
2016-04-10,2.8,50.9,11.4,89.8
2016-04-11,7.3,45.7,15,174.1
2016-04-12,10.2,42.7,12.9,269.1
2016-04-13,10.9,28.8,17.5,317.9
2016-04-14,5.2,60.2,11.3,17.3
2016-04-15,7.6,49.1,16.9,151.2
2016-04-16,10,39.4,10.8,139.8
2016-04-17,12.7,33.8,9.2,165.9
2016-04-18,13.8,32.1,22.6,176.3
2016-04-19,17.1,27.2,10,171.4
2016-04-20,13.3,26.3,17.3,79.5
2016-04-21,12.6,37.8,17,124.4
2016-04-22,8.4,51.2,15.6,19.9
2016-04-23,2.9,79.3,11.3,59
2016-04-24,3,89.2,10.4,118.5
2016-04-25,3.5,90,10.2,75
2016-04-26,6.1,73.5,11,50.8
2016-04-27,6.2,68.3,16.7,162.2
2016-04-28,6,65.2,24.5,173
2016-04-29,6.9,57.5,21.3,161.3
2016-04-30,8.8,53.5,6.1,233.5
2016-05-01,12.4,42.9,6.6,161.9
2016-05-02,16.3,33.8,11.7,172.5
2016-05-03,19.5,28.7,10.7,192.9
2016-05-04,19.4,26.3,11.7,230.4
2016-05-05,10.6,62.3,21.2,332.9
2016-05-06,12.6,45.5,11.3,192.9
2016-05-07,18.1,32,15.2,208.8
2016-05-08,11.6,48.9,20.1,350.6
2016-05-09,6.5,51,29.9,353.1
2016-05-10,7.3,39.8,20.9,354
2016-05-11,8.8,37.2,12.9,127.9
2016-05-12,4.5,76.7,10.7,9.6
2016-05-13,5.7,59.2,10.3,158.9
2016-05-14,8,48.2,12.7,174.1
2016-05-15,10.5,39.5,13.1,188.3
2016-05-16,13.6,42.2,23.9,177.3
2016-05-17,16.9,38.2,12.9,253.4
2016-05-18,17.5,40.5,13,201
2016-05-19,9.3,78.9,23.5,352.2
2016-05-20,4.9,75.7,27.3,355.8
2016-05-21,4.5,86,19.7,351.3
2016-05-22,3.9,88.3,23.8,317.9
2016-05-23,6.3,77,27.4,333.3
2016-05-24,11,63,9.3,162.1
2016-05-25,13.1,63.5,10.9,172.1
2016-05-26,13.3,67.6,10.2,199.9
2016-05-27,9.6,81.4,16.9,356.9
2016-05-28,10.2,58,7.3,255.9
2016-05-29,12.5,48.3,15.4,243.4
2016-05-30,9.6,65,29.8,350
2016-05-31,11.8,55.2,9.7,46.5
2016-06-01,14.3,51.2,13.7,214.9
2016-06-02,16.2,44.5,17.7,273.8
2016-06-03,17.2,40.3,13.2,263.1
2016-06-04,20.4,35.3,12.1,65.5
2016-06-05,18.8,46.8,15.5,125.3
2016-06-06,21.8,46.2,17.1,172
2016-06-07,23,46.2,14.7,20.8
2016-06-08,20.8,50,17.9,198.5
2016-06-09,18.6,40,17.3,290.9
2016-06-10,12.1,71.2,14.1,15.9
2016-06-11,13.9,54.2,19.7,231.2
2016-06-12,15,33.9,23.4,270.6
2016-06-13,16.1,33.9,16.4,240.9
2016-06-14,12.9,43.5,17.4,227.4
2016-06-15,12,28,17,253.4
2016-06-16,12.5,27.9,17.3,247.2
2016-06-17,14.4,27.3,15.1,274.2
2016-06-18,13.9,37.8,10.7,138.4
2016-06-19,15.4,52.8,16.7,305.1
2016-06-20,18,39,10.7,87.2
2016-06-21,16,52.8,19.2,351.8
2016-06-22,17.8,46.2,10.9,230.5
2016-06-23,17,51.4,13.2,357.1
2016-06-24,13.1,72,11.2,352.8
2016-06-25,14.4,71.2,21.1,313.4
2016-06-26,16.1,62.2,14.1,351.7
2016-06-27,18.7,54.8,11.3,149.2
2016-06-28,18.6,61.1,11.1,109.3
2016-06-29,19.2,61,10.4,147.8
2016-06-30,17.6,71.9,15.9,130.6
2016-07-01,18.4,68.9,10.8,164.4
2016-07-02,18.4,72,12.6,75.5
2016-07-03,17.5,65.2,16.7,256.3
2016-07-04,14.1,68.5,12.2,153.1
2016-07-05,12.5,68.4,11.8,327.1
2016-07-06,14.9,59.2,11,289.1
2016-07-07,17.3,57.9,12.4,162.6
2016-07-08,19.5,42.6,10.6,355.2
2016-07-09,14.9,78.1,12.6,3.3
2016-07-10,15,71.5,17.4,342.8
2016-07-11,14.5,78.2,18.5,330.9
2016-07-12,15.7,70.5,14.4,326.8
2016-07-13,15.1,73.7,10.9,317.3
2016-07-14,14.6,79.4,11.7,1.5
2016-07-15,11.7,90.9,13.1,4
2016-07-16,12.9,83.7,9.9,313.9
2016-07-17,14,77.8,15.5,331.3
2016-07-18,15.7,75.7,14.3,180
2016-07-19,20.4,42.2,18.4,262.4
2016-07-20,20.4,33.2,19.8,270.6
2016-07-21,20,39.6,12.3,255.2
2016-07-22,17.3,64.5,9.9,4.5
2016-07-23,18.3,58,14,354.4
2016-07-24,19.8,49.5,12.2,201.1
2016-07-25,18.7,64.4,14.8,80.3
2016-07-26,19.3,71.6,9.8,31.8
2016-07-27,19.8,62.4,8.8,32.2
2016-07-28,18.1,70.5,8.7,308.1
2016-07-29,19.9,58.8,12.7,142.4
2016-07-30,16.9,74,17.6,354.5
2016-07-31,12.7,73.6,12,331.7
2016-08-01,15.5,61.2,10.1,214.2
2016-08-02,16.3,67.9,14.5,36.1
2016-08-03,13.4,79.5,17.8,331.8
2016-08-04,17.4,61.9,8.6,47.4
2016-08-05,18.5,68.3,17.1,138.5
2016-08-06,15.7,84.5,9,122.9
2016-08-07,17.1,83.1,11.2,134.5
2016-08-08,16.3,77.2,7.8,64.9
2016-08-09,16.6,71.2,11.5,185.2
2016-08-10,15.1,75.7,12.3,335
2016-08-11,16.8,67.4,10.8,328.5
2016-08-12,17.5,62.2,9.3,333.8
2016-08-13,18.5,59.4,8.3,184.9
2016-08-14,17.9,62.5,9.8,294.4
2016-08-15,18.7,60.8,8.6,11.9
2016-08-16,20,61.7,7.7,30.5
2016-08-17,16.8,67,10.2,350.4
2016-08-18,14.4,63.7,13.9,342.1
2016-08-19,14.7,60.5,10.2,169.8
2016-08-20,18,52.5,8.2,166.2
2016-08-21,19.3,60.2,10.7,23.5
2016-08-22,12.5,68.8,26.9,315.8
2016-08-23,12.3,70.7,36.9,324.6
2016-08-24,14.1,60.2,11.9,338.7
2016-08-25,13.1,70.9,17.5,337.9
2016-08-26,14.7,61.2,9.8,194.4
2016-08-27,15.9,64.5,13.9,224.4
2016-08-28,10.5,71,18.2,26.2
2016-08-29,14.5,67.8,14.6,150.3
2016-08-30,18.4,67,14.6,149.9
2016-08-31,19.2,61.6,10.3,119.1
2016-09-01,18.8,48,16.3,183.5
2016-09-02,11.3,78.8,15.3,352.6
2016-09-03,10.9,65.5,11.8,296.4
2016-09-04,7.3,75.5,14,74.1
2016-09-05,8.8,76.5,13.9,181.7
2016-09-06,8.7,76.7,6.6,336.2
2016-09-07,12.4,55.3,9.5,264.3
2016-09-08,11.2,61.8,20.2,306.3
2016-09-09,12.3,55.9,11.7,238.8
2016-09-10,16,46.9,17.3,289.7
2016-09-11,6.2,82,25.4,340
2016-09-12,6.2,66.9,12.2,276.4
2016-09-13,10.2,52.5,10.1,193.8
2016-09-14,14.4,49.8,7.3,201.1
2016-09-15,14.9,54.7,7.7,0.3
2016-09-16,15.6,48.9,7.9,198.9
2016-09-17,17.2,39.7,13.5,250.4
2016-09-18,12.2,51.5,16.5,310.7
2016-09-19,9.4,50.5,8.4,346.2
2016-09-20,6.2,82.5,13.7,339.6
2016-09-21,8,70.5,5.6,22.3
2016-09-22,7.2,84.4,8.5,96.2
2016-09-23,10.4,72.8,12.9,189.9
2016-09-24,11.1,52.2,12.3,332.8
2016-09-25,10.8,48.4,12.1,267.5
2016-09-26,15.8,46.4,9.2,185.6
2016-09-27,12.2,55,17.3,317.1
2016-09-28,9.7,61.5,17.4,136.2
2016-09-29,9,73.7,8.1,86.6
2016-09-30,9.7,81.8,11.5,359
2016-10-01,9,88.6,11.4,25.5
2016-10-02,7.5,67.5,9.8,177
2016-10-03,6.6,63.8,8.2,78.8
2016-10-04,5.4,67.2,11.8,23.4
2016-10-05,1.6,71.1,18.9,355.2
2016-10-06,0.7,65,10.2,43.8
2016-10-07,-1.4,83.8,19.9,138.2
2016-10-08,-0.4,97,13.9,122.4
2016-10-09,0.1,81.2,21.2,353.6
2016-10-10,-1.7,84,14.3,18.1
2016-10-11,-1.5,72.1,8.8,161.9
2016-10-12,1.7,57.2,7.7,21.7
2016-10-13,1,71.5,6.3,158.6
2016-10-14,0.3,88.5,12.5,24.4
2016-10-15,-0.2,89.4,9.1,92.9
2016-10-16,5.9,63.5,11.6,224.4
2016-10-17,-1.4,92.7,11.3,16.1
2016-10-18,0.8,90.5,8.7,163.5
2016-10-19,5,62.5,8.6,230.3
2016-10-20,6.2,52.5,10.3,224.9
2016-10-21,6.1,45.9,7.8,232.4
2016-10-22,5.7,41.5,11.8,268
2016-10-23,2.3,59.5,7,222.6
2016-10-24,1.7,83,7.3,84.8
2016-10-25,2.8,84.1,8.1,171.9
2016-10-26,2.3,72.6,5.8,130.2
2016-10-27,6.4,68.7,12.4,312.8
2016-10-28,1.8,93.5,9.9,12
2016-10-29,2.2,90.5,10.7,186
2016-10-30,5.5,59.3,11.9,268.4
2016-10-31,2.3,84.2,7.5,187.1
2016-11-01,2.1,81,10.6,255.3
2016-11-02,6.1,62,10.3,187.2
2016-11-03,10.3,42.8,12.1,226.5
2016-11-04,7.6,45.6,6.1,264.1
2016-11-05,9.5,46.9,11.3,183.8
2016-11-06,6.5,70.3,13.4,308.8
2016-11-07,5.5,59.2,9.6,204
2016-11-08,12.8,48.1,13.2,211.9
2016-11-09,9.2,57.2,8.7,306.4
2016-11-10,4.9,71.3,15,173.8
2016-11-11,5.8,64.4,5.8,238.7
2016-11-12,8.2,54.1,11.4,242.6
2016-11-13,7.7,50.4,9.3,266.2
2016-11-14,6.3,53.4,10.4,295.3
2016-11-15,0.2,85.2,9.3,193
2016-11-16,-1.4,82.6,10.1,356.1
2016-11-17,-3.1,85.7,10.9,48.8
2016-11-18,-3.7,86.7,15,173.6
2016-11-19,-3.4,89.2,11.2,175.4
2016-11-20,-2.4,84.2,7.2,208.4
2016-11-21,4.4,51.2,12.8,274.6
2016-11-22,-3.9,86.7,9.3,140.3
2016-11-23,-3.4,74.2,7.3,206.5
2016-11-24,1.7,47.5,15.1,197.5
2016-11-25,2.8,47.9,16.2,240.9
2016-11-26,0,66.3,8.6,188.5
2016-11-27,-2,76.7,10,1.8
2016-11-28,-1.2,76.6,7.4,337.5
2016-11-29,-3.3,67.2,7.1,1.4
2016-11-30,-8.5,90.3,8.6,154.8
2016-12-01,-1.9,85.8,9.9,332.2
2016-12-02,-2,67.6,12.6,227.3
2016-12-03,1.9,40.9,17.8,275.7
2016-12-04,-6.3,78.1,13.9,353.6
2016-12-05,-15.8,68.9,21,351.1
2016-12-06,-19.7,64.5,24,345.7
2016-12-07,-21.4,67.7,14.5,342.4
2016-12-08,-22.6,75.7,6.6,113.6
2016-12-09,-21.9,76.1,15.7,163.1
2016-12-10,-21.6,78.3,10.9,141.3
2016-12-11,-19.9,66.9,14.5,340.9
2016-12-12,-14.9,61,9.9,284.4
2016-12-13,-12.7,48.4,16.1,299.8
2016-12-14,-15.5,60,6.9,220.1
2016-12-15,-17.8,69.7,13.6,343.1
2016-12-16,-20.4,68.5,8.7,284.4
2016-12-17,-15.7,52.7,7.3,234.9
2016-12-18,-2.2,37.1,31.7,267.1
2016-12-19,0.3,34.8,28.9,268.3
2016-12-20,-0.2,43.3,18.4,254.9
2016-12-21,1.7,35.3,17.5,274
2016-12-22,3.1,32.1,16.8,280.5
2016-12-23,-6.6,83.6,12.8,43.8
2016-12-24,-11.7,83,12.8,55.6
2016-12-25,-17.4,79.5,9.5,16.9
2016-12-26,-12.1,68.5,9.7,195.1
2016-12-27,-1.1,42,24.5,276.3
2016-12-28,-1.8,37.7,28.3,270.7
2016-12-29,-4.3,53.5,12.1,237.1
2016-12-30,-5.3,65.5,12.7,277
2016-12-31,-6.7,77.4,8.9,14
2017-01-01,-12.1,78.3,18.7,9.2
2017-01-02,-19.9,78.5,4.2,347
2017-01-03,-18.6,70.7,6.5,313.4
2017-01-04,-11.6,72,16,327.7
2017-01-05,-7.6,78.5,10.6,290.2
2017-01-06,-14.4,82.8,13.5,146.3
2017-01-07,-16.6,79.2,18.5,350.1
2017-01-08,-18.6,76.7,13.4,112.2
2017-01-09,-21.1,71,14.7,350.8
2017-01-10,-19.3,70.1,12.8,285.2
2017-01-11,-14.7,57.6,13.5,240.9
2017-01-12,-13.2,67.1,15.5,193.8
2017-01-13,-6.5,49.5,12.8,214.1
2017-01-14,-2,46.6,10.9,224.4
2017-01-15,3.8,38.9,23.1,267.7
2017-01-16,1.4,51,10.6,206.6
2017-01-17,5.7,60.1,11.7,170.8
2017-01-18,2.4,69.4,8.8,347.2
2017-01-19,3.4,58.5,10,290.4
2017-01-20,-0.2,53.2,5.7,279.9
2017-01-21,-4.9,74.2,7.8,359.2
2017-01-22,-5.4,91.8,8,53.4
2017-01-23,-5.7,91.8,6.2,152.7
2017-01-24,-4.8,78.4,7.3,275.8
2017-01-25,-3.3,58.8,5.1,318.8
2017-01-26,-1.5,55,7.9,288.6
2017-01-27,1.1,47.5,17.2,290.9
2017-01-28,8,31.2,27.7,270.1
2017-01-29,8.7,26.9,19,253.8
2017-01-30,-0.6,47.7,20.9,339.2
2017-01-31,-8.5,56.3,18.5,336
2017-02-01,-9.5,70.8,15,336.8
2017-02-02,-10.5,58.2,6.6,206.9
2017-02-03,-14.6,73.2,16.2,354.1
2017-02-04,-15.7,74.7,9.9,37.1
2017-02-05,-17.1,78.2,11.4,33.3
2017-02-06,-22.4,74.7,11.5,45.6
2017-02-07,-24.5,70.8,5.8,0.5
2017-02-08,-20.4,66,10.4,198.3
2017-02-09,-12,73.8,7.7,129.5
2017-02-10,-5.9,64.9,12.8,244.6
2017-02-11,-1.1,49.8,20.8,262.3
2017-02-12,3.2,33.6,30.4,268.3
2017-02-13,6,43.8,18.8,259.2
2017-02-14,3.7,58.8,5.6,201.2
2017-02-15,5.8,60.5,8.6,271.8
2017-02-16,6.8,58.2,11.9,241.4
2017-02-17,5.2,43,14.1,257.4
2017-02-18,-1.5,84.9,9.3,116
2017-02-19,-0.7,86.5,7.6,4.5
2017-02-20,-2.6,90.6,7.5,31.6
2017-02-21,-1.4,85,7.9,253.1
2017-02-22,-3.4,82.8,13.8,10.7
2017-02-23,-5.4,81,10.8,149.9
2017-02-24,-8.1,83.3,13,27.4
2017-02-25,-7.5,78.2,11.9,142.1
2017-02-26,-10.3,74.2,17.7,8.9
2017-02-27,-12.6,72.5,8.7,156.1
2017-02-28,-10.2,67.2,9.3,199.6
2017-03-01,-6.5,65.3,12.7,279.9
2017-03-02,-4.3,68,10.4,199.6
2017-03-03,1.6,49.8,14.8,204.5
2017-03-04,-7.7,79.4,17.2,10.4
2017-03-05,-12.3,79.2,9.3,82.9
2017-03-06,-12.6,76.6,10,14
2017-03-07,-13.5,72.7,12.1,25.1
2017-03-08,-16.1,76,15.2,39.8
2017-03-09,-19.5,72.8,12.1,92.5
2017-03-10,-18.5,75,13.5,97
2017-03-11,-17.9,77.9,12,138.9
2017-03-12,-15.4,74.9,13.6,97.7
2017-03-13,-2.2,61.9,12.9,211.5
2017-03-14,3.6,69.8,9.9,156.7
2017-03-15,3.2,69.5,12.4,354.6
2017-03-16,1.5,76.1,14.2,338.4
2017-03-17,1.1,67.6,14,173.8
2017-03-18,6.4,60.6,19.1,216.7
2017-03-19,0.4,42.4,19.3,273.9
2017-03-20,-2.6,57.8,16.4,133
2017-03-21,0.1,66.6,26.5,164.3
2017-03-22,6.1,60.3,14.3,244.6
2017-03-23,4.4,50.9,14.9,276.6
2017-03-24,4.6,56.2,15.7,200.9
2017-03-25,6.5,32.4,18.1,259.7
2017-03-26,4.2,37.7,13.9,161.5
2017-03-27,6.1,44.6,7.5,196.8
2017-03-28,6.1,41.8,13.3,224.5
2017-03-29,5.6,47,10.3,172
2017-03-30,4.6,66.2,17.3,359.3
2017-03-31,6.8,53.6,14.9,245.1
2017-04-01,8,50.2,14.8,321
2017-04-02,1.1,83.9,8.9,296.5
2017-04-03,1.6,56.2,17.2,347.1
2017-04-04,3.1,42.8,8.4,274.4
2017-04-05,7.8,37.5,9.6,206.9
2017-04-06,11.6,42.2,17.9,204.6
2017-04-07,4.5,70,7.5,347
2017-04-08,6.8,54,17.7,340.7
2017-04-09,3.1,80.3,11.4,128.7
2017-04-10,5,53.4,13.6,235.8
2017-04-11,3.8,69,14,355.2
2017-04-12,3.3,71.8,10.9,54.6
2017-04-13,2,92.2,12,358.8
2017-04-14,3.7,74.5,18.5,347.2
2017-04-15,0.3,80.8,14.9,358.5
2017-04-16,1.1,66.9,16.9,131
2017-04-17,4.3,53.9,13.9,131
2017-04-18,5.5,67.8,12.2,22.4
2017-04-19,6.4,68.6,13.7,82.4
2017-04-20,8.3,48.5,10.2,263.6
2017-04-21,5.9,70.3,16.9,16.9
2017-04-22,4.8,71.5,15.5,87.8
2017-04-23,4.3,84.1,12.5,84.2
2017-04-24,1.5,91.9,14.1,56
2017-04-25,-0.7,86,17.1,18.4
2017-04-26,0.3,83.9,12.1,136.1
2017-04-27,3.5,75.4,11.9,89
2017-04-28,4,65.2,9.8,329.1
2017-04-29,7.6,52,10.2,233.2
2017-04-30,8,52.1,15.1,289.2
2017-05-01,7.5,44.9,13.4,15.6
2017-05-02,7.6,52.8,14.4,356.4
2017-05-03,12.7,42,12.6,248.8
2017-05-04,17.6,37.3,11.4,250.2
2017-05-05,15.9,47.6,13,213.8
2017-05-06,16.2,48.4,13.5,266.9
2017-05-07,6.9,59.8,17.6,313.9
2017-05-08,11.1,33.8,11.5,222.3
2017-05-09,11.5,47.3,14.4,1.3
2017-05-10,13.1,46,6.5,138.9
2017-05-11,14.3,50.5,10.5,99.3
2017-05-12,13.9,61.2,14.6,201.9
2017-05-13,9.9,54.8,17,325.3
2017-05-14,7.5,60.1,9,330.1
2017-05-15,8,50.4,14.3,250.8
2017-05-16,6.4,68.3,16.3,49.3
2017-05-17,5,81.5,17.4,84.5
2017-05-18,9.4,60,12.3,177.7
2017-05-19,11.7,50.5,11.3,359.4
2017-05-20,13.6,45.6,10.8,356.8
2017-05-21,15.9,35.7,15.3,5.4
2017-05-22,18.6,32.7,11.5,193.7
2017-05-23,20.5,32.6,13.7,219.8
2017-05-24,9.7,66.2,33.8,315
2017-05-25,10,60.8,33.3,334.2
2017-05-26,13.7,42.8,11.4,305.2
2017-05-27,18.9,32.3,17.1,315.2
2017-05-28,15.9,45.4,8.8,28.3
2017-05-29,16.1,43.9,15.9,150.9
2017-05-30,18.1,44.8,17,165
2017-05-31,20.2,43.2,17.1,205.3
2017-06-01,18.5,48.6,12.2,337.6
2017-06-02,17.5,34.4,25.9,295.3
2017-06-03,17.9,33.1,13.1,230
2017-06-04,16.1,52.8,16.1,19.7
2017-06-05,13.8,59.9,18.2,324.8
2017-06-06,16.2,51,20.8,176.2
2017-06-07,19,48.5,14.5,146.5
2017-06-08,18.5,58.2,15.5,135.2
2017-06-09,15.5,56.8,16,270.4
2017-06-10,7.6,76.4,20,291.9
2017-06-11,14.3,49.2,17.1,294.2
2017-06-12,16.3,59.6,16.2,154.1
2017-06-13,13.5,73.7,23.5,347.2
2017-06-14,12.4,75.5,14.2,330.3
2017-06-15,14.2,48.5,8.9,305.2
2017-06-16,15.9,45.8,20,313.8
2017-06-17,14.3,50.4,13.2,265.9
2017-06-18,16,40,17,271.7
2017-06-19,15.5,50.6,17.3,202.8
2017-06-20,18.9,41.9,15.6,257.5
2017-06-21,13.9,45,17.2,305.8
2017-06-22,12.2,44.3,25.9,344.7
2017-06-23,14.3,50,13.8,307.7
2017-06-24,16,48.7,10.5,357
2017-06-25,18.5,50.3,19.1,169.8
2017-06-26,21.5,44.7,14.8,208.4
2017-06-27,16.5,50.8,16.9,45.1
2017-06-28,14,61.3,20.2,314.2
2017-06-29,15.8,59.3,13.2,354.8
2017-06-30,20.5,46.3,10,72.1
2017-07-01,18.6,61.1,15.4,165.3
2017-07-02,20.7,55.7,12.4,147.4
2017-07-03,19.2,60.9,17.7,15
2017-07-04,18.9,57.3,15.3,121.1
2017-07-05,20,49,16.2,63
2017-07-06,21.5,50.2,9.6,49.5
2017-07-07,23.4,47.2,12.2,105.8
2017-07-08,22.4,58.2,17.4,9.9
2017-07-09,23.7,58,13.1,109.7
2017-07-10,16.9,74.9,14.6,356.6
2017-07-11,13.9,81.9,15.4,336.8
2017-07-12,17.2,70.7,14.8,131.3
2017-07-13,21.7,48.7,9.3,285.8
2017-07-14,20.3,52.7,18.8,148.4
2017-07-15,22.3,48,15.9,195.4
2017-07-16,17.3,56.1,17.8,2.1
2017-07-17,14.4,52.5,11.2,48.5
2017-07-18,16,52.2,13.1,161.1
2017-07-19,17.6,50.8,8.8,127.6
2017-07-20,17.9,52.1,13.8,274.4
2017-07-21,17.7,41.5,17.7,298.7
2017-07-22,20.2,41.2,12.1,264.8
2017-07-23,22.2,43.4,13.4,311.9
2017-07-24,13.8,54.9,17.5,327.2
2017-07-25,16.9,50.8,9,165.6
2017-07-26,20.9,43,12,153
2017-07-27,23.2,39.8,11.3,250.9
2017-07-28,20.6,50.6,17.3,63.9
2017-07-29,20.3,55.4,11.6,78.6
2017-07-30,20.5,52.9,16,16.6
2017-07-31,18,64.8,11.9,36
2017-08-01,14.9,71.7,13.7,44.4
2017-08-02,15.4,68,12.9,178.2
2017-08-03,18.8,52.9,13.5,171.8
2017-08-04,15.3,67.5,27.4,348.6
2017-08-05,14.7,70.5,9,313.5
2017-08-06,17.5,56.8,10.4,175.2
2017-08-07,17,62.3,14.2,7.6
2017-08-08,16.2,69.7,8.3,112.2
2017-08-09,18.2,53.4,12,184.7
2017-08-10,19.2,53.5,10.4,12.6
2017-08-11,18.8,56.9,8.5,18.5
2017-08-12,20.2,47.2,16.5,152.5
2017-08-13,18.7,56,15.7,226.8
2017-08-14,12.3,79.9,11.2,350.3
2017-08-15,14.2,57,8.6,171.8
2017-08-16,17.6,45.9,8.2,23.4
2017-08-17,17.7,54.4,10.8,96.8
2017-08-18,19.3,46.2,12.7,264.6
2017-08-19,14.1,47.2,15.9,187.3
2017-08-20,14.1,48.1,8.6,357.5
2017-08-21,14.7,54,9.8,150.9
2017-08-22,19.3,46.4,8.1,93.2
2017-08-23,21.9,41.1,9.4,134.7
2017-08-24,19.3,50.8,17.1,257.2
2017-08-25,14.8,48.9,10.2,193.1
2017-08-26,17.2,33.4,11.6,333.7
2017-08-27,20.8,33.8,8.7,183
2017-08-28,20.1,47,13.3,17.3
2017-08-29,18.1,60.2,9.8,75.8
2017-08-30,22.1,42.8,9.6,208.8
2017-08-31,20.2,46.5,15.5,0.8
2017-09-01,18,51.9,10.8,272.1
2017-09-02,20.2,43,13.7,281.5
2017-09-03,14.5,65,11.5,356.9
2017-09-04,14.9,58.8,8.2,86.4
2017-09-05,16.7,44.3,11.2,179
2017-09-06,19.3,38,4.8,8
2017-09-07,20,35.5,12.2,162.4
2017-09-08,18.6,50.8,12.7,347.8
2017-09-09,17.2,58.8,9.9,310
2017-09-10,16.4,40,15,264.2
2017-09-11,19.1,30.9,9.8,243.6
2017-09-12,13.1,58.6,15.5,28.4
2017-09-13,6.7,86.7,19.2,300.7
2017-09-14,5.6,82.5,10.3,348.8
2017-09-15,4.8,79.8,8.3,20.2
2017-09-16,7,62.6,15.4,163.1
2017-09-17,9.7,55,12,178.6
2017-09-18,11.1,46.9,14.4,229
2017-09-19,7.2,51.7,14.3,282.5
2017-09-20,5,62.5,15.1,304.4
2017-09-21,2.5,85.3,23.5,326.4
2017-09-22,3.1,81.9,10,36.6
2017-09-23,5.6,70.2,12.9,161.9
2017-09-24,9.1,56.6,9.4,188.7
2017-09-25,12.9,50.4,4.4,22.9
2017-09-26,14.8,47.7,10.4,337.6
2017-09-27,14,51.5,5.9,304.4
2017-09-28,13.6,51.7,14.8,174.2
2017-09-29,14.6,42.7,8.4,199.8
2017-09-30,10.7,58.7,16.2,327.5
2017-10-01,6.9,58,32,336.9
2017-10-02,-0.3,78.2,41.7,340
2017-10-03,0.6,56,12.9,261.5
2017-10-04,5.9,52,8.9,125.1
2017-10-05,8,58.3,11.5,191.3
2017-10-06,12.3,38.4,16.9,241.5
2017-10-07,7.3,44.4,16.4,311.6
2017-10-08,3.7,53.5,22.5,343.6
2017-10-09,7.5,37.9,16.2,253
2017-10-10,5.9,50.5,12.2,238.2
2017-10-11,0.8,78.2,17.6,338
2017-10-12,-0.5,75.1,8.1,60.3
2017-10-13,-0.4,73.9,10.8,167.6
2017-10-14,3.6,49.2,25.9,251.1
2017-10-15,10.3,34.1,21.9,258.3
2017-10-16,14.2,33.7,17.4,242.5
2017-10-17,10.1,55.6,20.4,205.9
2017-10-18,5.6,41.7,14.1,210.7
2017-10-19,9.8,55.4,12,197.6
2017-10-20,5.5,66.9,17.6,312.2
2017-10-21,4,53.6,10.3,237.9
2017-10-22,7.4,42.1,24.8,286.2
2017-10-23,8.5,31.3,20.9,268.9
2017-10-24,13.5,34.3,23.1,260
2017-10-25,8.3,45.2,31.1,328.1
2017-10-26,-0.1,69.1,12.1,193.4
2017-10-27,8.6,47,7.6,234.5
2017-10-28,12.1,45.3,19.2,290.6
2017-10-29,3,54.6,30.8,338.1
2017-10-30,0.8,50.3,10.4,250.9
2017-10-31,1.9,58.9,12.7,270.7
2017-11-01,-2.4,77.3,27,2.3
2017-11-02,-10.2,81.1,22.1,2.7
2017-11-03,-13.7,78.3,22.5,344.5
2017-11-04,-14.6,78.9,9.6,346.5
2017-11-05,-11.1,73.5,11.1,326.3
2017-11-06,-12.1,68.8,11.4,208.9
2017-11-07,-9.9,65,5.9,34
2017-11-08,-10,80,9.1,156.4
2017-11-09,-9.6,84.5,17.9,186.1
2017-11-10,-0.4,90,10.5,8.7
2017-11-11,-1.1,77.5,8.5,196.3
2017-11-12,0.1,68.9,7.4,189.7
2017-11-13,-0.4,68.3,10.6,197.7
2017-11-14,-7,84.6,15.5,52.4
2017-11-15,-7.5,90.8,12.6,158.1
2017-11-16,-10.6,84.5,16.3,27.1
2017-11-17,-14.4,83.8,10.7,2.3
2017-11-18,-1.4,51.9,14.4,235.5
2017-11-19,4.1,43.2,17.2,257.7
2017-11-20,-5.2,76.1,15.8,24.5
2017-11-21,-10.2,78.1,16.8,164.5
2017-11-22,0,68.4,9.4,195.7
2017-11-23,6.5,68.9,15,253.2
2017-11-24,4.7,44.1,13.8,239.4
2017-11-25,4.4,48.9,15,228.3
2017-11-26,4.5,63.2,14,210.8
2017-11-27,2.9,37.9,21.2,266.6
2017-11-28,1.3,44.9,11.2,219.8
2017-11-29,4,31.3,27.3,275.5
2017-11-30,4,35.8,21.3,264.3
2017-12-01,2.3,37.3,9.5,237.6
2017-12-02,-2.9,67.9,10.1,261.6
2017-12-03,-5.5,72.4,11.4,339.4
2017-12-04,-1.9,43,14.2,265.6
2017-12-05,1.9,36.3,21.8,319.3
2017-12-06,0.5,41.2,10.1,254.2
2017-12-07,4.8,34.9,8,249.2
2017-12-08,5.8,29.5,7.8,236.6
2017-12-09,10.2,14.7,13.9,260.2
2017-12-10,10.1,20,22.4,284.8
2017-12-11,1.2,49.9,6.4,250.9
2017-12-12,7.6,32.2,15.1,287.2
2017-12-13,1.5,56.4,9.7,295.4
2017-12-14,0.1,58.4,9.3,214.4
2017-12-15,4,49.3,14.1,306.6
2017-12-16,-1.5,47.1,9,232.7
2017-12-17,2.7,36.9,19.2,270.3
2017-12-18,-2.4,65.5,12.3,320.3
2017-12-19,-8,78.2,10.1,51.1
2017-12-20,-11.1,82.2,11.1,35.4
2017-12-21,-7.7,75.1,15.4,321.2
2017-12-22,-11.1,69.8,15.6,314.3
2017-12-23,-10,58.1,20.5,305.1
2017-12-24,-13.8,74.7,14.1,337.5
2017-12-25,-20.6,75.3,9.4,226.3
2017-12-26,-25.5,75,9,194.2
2017-12-27,-19.9,72.4,14.5,349.9
2017-12-28,-21.1,71.7,9.8,17.3
2017-12-29,-24.3,72.7,13.3,107.7
2017-12-30,-26.9,69.8,14.6,152.3
2017-12-31,-28.3,72.6,14,182.1
2018-01-01,-16.7,64.8,7.1,223.9
2018-01-02,-3.8,62.1,6.1,202.1
2018-01-03,-2.4,71.1,4.2,359.1
2018-01-04,-5,77.3,4.4,315.3
2018-01-05,-0.3,69.5,9.6,210.7
2018-01-06,3.7,61.3,16.6,267.6
2018-01-07,-0.2,62.4,10.7,210.2
2018-01-08,1.5,64.9,6.2,86.3
2018-01-09,-9.9,81.8,26.5,354.4
2018-01-10,-21.6,69.2,17.8,19.2
2018-01-11,-25.2,75.5,11.2,165.4
2018-01-12,-20.9,74.8,12.6,174.9
2018-01-13,-4.8,71.5,5.2,18.5
2018-01-14,-3.7,83.1,9.5,58.5
2018-01-15,-8.5,87.4,20.9,180.9
2018-01-16,0.4,63.9,13,222.6
2018-01-17,2.1,46.2,12.6,212.4
2018-01-18,3.2,57.1,14.3,230.6
2018-01-19,0.3,40.6,15.7,253.6
2018-01-20,0.6,41,14.7,255.9
2018-01-21,-1.4,55.6,8.6,216.1
2018-01-22,0.1,42.3,13.6,246.8
2018-01-23,-4.1,57.3,8.9,189.6
2018-01-24,-2.3,66.3,5.3,114.1
2018-01-25,-7.6,85.1,12.8,358.8
2018-01-26,-10.7,68.9,12.8,344.2
2018-01-27,-15.1,81.4,14.3,107.3
2018-01-28,-16.6,72.9,14.1,304.9
2018-01-29,-5.1,69.8,13.2,186.7
2018-01-30,0.6,55.4,17.5,291.3
2018-01-31,-16.1,77.2,14.4,81.5
2018-02-01,-16.7,77.5,13,111.4
2018-02-02,-19.1,79.5,12,103.6
2018-02-03,-20.2,74.1,18.7,350
2018-02-04,-16.7,73.9,8.2,229.3
2018-02-05,-16.2,65.9,12.7,255.1
2018-02-06,-13.3,60.2,16.6,333.3
2018-02-07,-12.5,77.5,10.9,54.2
2018-02-08,-18.6,77.2,10.2,48.8
2018-02-09,-21.9,74.4,3.1,351.2
2018-02-10,-10.4,62.3,9.4,282.9
2018-02-11,-16.6,78.6,13.1,56.6
2018-02-12,-14.1,57.5,13.7,216.1
2018-02-13,5.9,40.9,30.4,277.7
2018-02-14,-5.9,63.5,25.1,338.8
2018-02-15,-11.9,63.8,14,230.5
2018-02-16,-4.1,50.5,20.8,313.4
2018-02-17,-12.7,76,9.9,34.3
2018-02-18,-16.6,70.1,16,340.3
2018-02-19,-17.1,62.2,8,238.6
2018-02-20,-13.2,59.7,10.7,314.4
2018-02-21,-14.6,61.5,6.6,224.8
2018-02-22,-10.9,68,10.2,268.7
2018-02-23,-9.2,54.5,20.2,244.8
2018-02-24,-3.7,32.6,28.7,276.1
2018-02-25,-3.3,40.5,19.9,273.9
2018-02-26,-6.4,48.7,9.2,230
2018-02-27,-2,35,24.1,265.9
2018-02-28,-4.1,44.5,13.3,176.9
2018-03-01,-8.7,80.6,10,57.4
2018-03-02,-9.6,85.5,16.5,33.1
2018-03-03,-11.2,77.1,18.7,342
2018-03-04,-13.3,73.7,7.3,350
2018-03-05,-15.7,72.5,5.3,11.4
2018-03-06,-14.1,71.5,7.8,142.7
2018-03-07,-12.1,72.5,6.2,23.9
2018-03-08,-10.6,78.6,11.5,169.6
2018-03-09,-3.3,70.4,15.4,264.8
2018-03-10,-3.2,66.5,8.9,181.8
2018-03-11,-3.8,66.1,4.6,62.3
2018-03-12,-2.3,62.5,8.4,171.7
2018-03-13,-1.1,59.8,5.7,95
2018-03-14,-3.7,75,5.2,67.6
2018-03-15,-4,85.8,17.2,4.1
2018-03-16,-3.4,83.1,6,128.9
2018-03-17,-0.8,86.9,8.9,11.4
2018-03-18,-2.6,86.8,13.4,349.9
2018-03-19,-1.2,70.9,7,198.4
2018-03-20,1.2,59.5,9,183.2
2018-03-21,0.2,65.7,7.9,17.6
2018-03-22,-4.7,89.7,8.8,61
2018-03-23,0.4,56.5,16.7,189.2
2018-03-24,-1.3,64.1,8.6,188.6
2018-03-25,-1.1,49.6,11,239.1
2018-03-26,1.9,37.8,16,250.3
2018-03-27,3.7,56.5,17.9,300.3
2018-03-28,-0.5,75.3,9.7,34.4
2018-03-29,-5.7,85.5,13.2,93.3
2018-03-30,-10.5,83.8,19.6,47.8
2018-03-31,-13.4,72.5,11.7,153.4
2018-04-01,-10.7,69.8,8.9,14.7
2018-04-02,-8.9,58,10.4,13.6
2018-04-03,-9.1,67,8.9,119.6
2018-04-04,-7.9,71,17.6,296
2018-04-05,-10,60.5,15.8,30.9
2018-04-06,-12.6,76,25.5,153.2
2018-04-07,-11.3,82.7,14.4,132.4
2018-04-08,-7,81.1,11.4,28.9
2018-04-09,0.5,69,8.4,158.7
2018-04-10,3.4,61.6,9,133.6
2018-04-11,1.3,76.2,12.9,58
2018-04-12,-3,91.9,17.7,135.6
2018-04-13,1.1,76,13.5,178.5
2018-04-14,3.7,61.4,7.9,11.7
2018-04-15,2.7,69.1,13.1,359.6
2018-04-16,0.1,85.1,19.7,350.3
2018-04-17,0.1,82.9,8,65
2018-04-18,3.2,54,13.6,176.3
2018-04-19,4.1,58.2,10.3,181.8
2018-04-20,7.1,43.9,13.3,168.3
2018-04-21,7.8,43.2,18.7,243.5
2018-04-22,6.2,35.7,16.3,304.4
2018-04-23,6.9,44.2,14.8,184.2
2018-04-24,12,27.4,10.1,227.8
2018-04-25,9.5,40.1,18,10.7
2018-04-26,12.9,37.4,8.2,106.1
2018-04-27,13.8,43.6,20.2,160.6
2018-04-28,16.9,31.3,10.2,228.3
2018-04-29,7.2,72.3,26.5,337.1
2018-04-30,7,70.2,8.5,191
2018-05-01,8.6,49.8,19.4,334.9
2018-05-02,11.6,40.9,15.2,254.7
2018-05-03,14.2,33.8,16.5,276.7
2018-05-04,15.1,39,13.3,294.5
2018-05-05,13.7,50.7,7.1,23.4
2018-05-06,15.7,40.7,7.4,200.6
2018-05-07,17.4,33.3,14.4,346.8
2018-05-08,17.1,38.5,18.9,334.2
2018-05-09,7.5,66,16.5,90.8
2018-05-10,5.9,81.5,11.2,110.7
2018-05-11,9.2,65.9,16.6,22.1
2018-05-12,14.6,43,8.8,43
2018-05-13,17,33.8,17.1,13.7
2018-05-14,19.2,30,12.8,230.8
2018-05-15,22.7,22.8,11.7,269.1
2018-05-16,19.3,33.7,27.3,9.5
2018-05-17,8.1,84.9,23.9,19.4
2018-05-18,9.3,65.2,14.5,131.8
2018-05-19,10.9,57.2,26.6,178.7
2018-05-20,14.7,54.3,14.7,195.7
2018-05-21,17.5,40,11.3,11.3
2018-05-22,18.7,42.5,11.5,163.5
2018-05-23,19.4,39.7,9.2,173
2018-05-24,20.8,35.8,17,303.3
2018-05-25,20.1,39.1,8.1,191.7
2018-05-26,18,42.2,18.9,348.7
2018-05-27,17.8,40.7,14.7,127.7
2018-05-28,21.4,31.6,12.8,251.4
2018-05-29,11.6,50.9,20.1,15.2
2018-05-30,10,64.5,14.8,24.6
2018-05-31,6.9,88.1,11,79.1
2018-06-01,9.8,80.9,8.5,35.7
2018-06-02,14.1,48.4,15.9,285.2
2018-06-03,15.7,50.2,16.5,163
2018-06-04,15.9,44.9,16.3,253.5
2018-06-05,12.7,43.2,9.5,239.2
2018-06-06,17,30.1,10.6,213.1
2018-06-07,19.1,31.3,10.6,142.6
2018-06-08,21.1,29.2,12.9,224
2018-06-09,19.1,39.8,18.8,215.6
2018-06-10,9.1,77.7,17.6,340.4
2018-06-11,11.5,38.5,26.1,277.6
2018-06-12,14.9,23.2,25.7,275.6
2018-06-13,16.6,31.9,14.8,272.5
2018-06-14,10.8,70.6,16.9,322.8
2018-06-15,12.1,65.2,9.8,334.9
2018-06-16,11.4,76.8,18.7,335.7
2018-06-17,14.5,56.8,9.6,187.8
2018-06-18,16.3,53.3,9.4,196.5
2018-06-19,18.1,46.8,10,181.6
2018-06-20,19.7,48.4,17.7,168.3
2018-06-21,19.2,55.8,11.1,45.2
2018-06-22,17,64.7,13.6,309.6
2018-06-23,15.6,80.7,21.8,338.5
2018-06-24,19.6,61.1,10.8,144.7
2018-06-25,20.2,47,21.8,223.9
2018-06-26,15.6,27.3,26.7,272.2
2018-06-27,16.7,31.1,19,262.5
2018-06-28,14.1,56.5,14.3,341.8
2018-06-29,13.6,67.9,10.2,236.1
2018-06-30,15.1,56.8,10.7,267
2018-07-01,14.4,58.1,12.3,315.2
2018-07-02,10.5,76.2,14.3,279.3
2018-07-03,11.1,70.8,21.5,324.1
2018-07-04,14,68.5,15.6,15.2
2018-07-05,18.5,58.8,21.2,162.3
2018-07-06,23.7,45.5,12.8,216.9
2018-07-07,19.7,41.9,17.2,302.1
2018-07-08,17.3,52.4,11.9,129.3
2018-07-09,20.5,46.4,10.6,108.3
2018-07-10,16.4,66,10.4,336.3
2018-07-11,19.5,45.9,13.7,325.6
2018-07-12,19.8,50.7,10,9.8
2018-07-13,20.7,54.6,16.8,13.7
2018-07-14,14.7,57,18.1,4.8
2018-07-15,18.4,41.9,10,158.7
2018-07-16,22.3,36.5,11.4,170.4
2018-07-17,23.8,40.3,10.1,2.5
2018-07-18,19,65.6,15.5,16.8
2018-07-19,19.4,60.7,12.7,123.8
2018-07-20,18.6,62.6,16.5,136.5
2018-07-21,15.5,53.5,16.5,90.4
2018-07-22,16.7,50.3,21,347.5
2018-07-23,14.9,68.6,13.9,43.7
2018-07-24,13.3,84.9,10.5,2.7
2018-07-25,16.4,66.9,9.3,148.5
2018-07-26,16.7,63.1,11.2,263.8
2018-07-27,16.6,62.7,6.5,328.8
2018-07-28,18.4,52.3,5.6,2.1
2018-07-29,20.9,43.8,7.3,51.2
2018-07-30,21.4,49.7,14,327.8
2018-07-31,19.8,66.2,14.3,162.5
2018-08-01,20.7,62.8,15.8,152.6
2018-08-02,17.7,67,10.9,82.4
2018-08-03,17.9,53.2,12.8,329.1
2018-08-04,15.5,69,12.8,312.9
2018-08-05,17.7,62.8,6.3,32.4
2018-08-06,21.6,43,12.4,262.3
2018-08-07,23.5,34.3,12.9,12.3
2018-08-08,21.3,45.2,10.2,158.8
2018-08-09,24.7,36.7,10.1,183.4
2018-08-10,27.2,31.7,7.8,198.4
2018-08-11,19.6,52.6,21.6,7.3
2018-08-12,12.6,74.7,16.3,1.3
2018-08-13,14,60,11.2,174.9
2018-08-14,20.6,42,8.4,216
2018-08-15,19.1,47.2,10.5,0.8
2018-08-16,19,58,11.3,185.6
2018-08-17,19.8,49.4,7.8,356.8
2018-08-18,15.1,51.5,17.8,356.5
2018-08-19,12.5,57.2,5.3,30.2
2018-08-20,14.4,59.5,11.1,263.6
2018-08-21,17.8,41.8,9.1,212.3
2018-08-22,21.3,34.5,7.4,164.1
2018-08-23,19.8,41.9,9.4,13
2018-08-24,11,82.5,20.2,343.4
2018-08-25,13.2,60.2,8.2,222
2018-08-26,12.8,63.4,11.8,351.6
2018-08-27,8.7,68.7,26.3,357.5
2018-08-28,13,54.5,12.8,248.2
2018-08-29,15.5,52.9,10.3,224
2018-08-30,14.2,56.6,15.2,302.8
2018-08-31,13.7,49.2,18.9,269
2018-09-01,12.2,55.1,13.5,28.9
2018-09-02,13,50.4,9.6,196.1
2018-09-03,10.5,62.5,21.4,339.4
2018-09-04,8.8,69.1,13.4,145.7
2018-09-05,12.2,56.7,12.5,175.8
2018-09-06,15.4,49.6,10,124.8
2018-09-07,18.3,44.8,7.8,267.1
2018-09-08,16.4,45.4,15,317.8
2018-09-09,12,66.7,9.6,44.4
2018-09-10,10.5,72.5,12,17.6
2018-09-11,10.1,70,9.3,195.9
2018-09-12,5,81,21.3,352.4
2018-09-13,-0.4,76.7,14,11.9
2018-09-14,0.8,85.7,12.5,114.2
2018-09-15,3.3,92.6,15.4,23.7
2018-09-16,2.6,90.6,10.4,10.2
2018-09-17,5.3,81.9,9.2,75
2018-09-18,4.5,86.6,8.7,107.9
2018-09-19,6.2,80.8,11,163.9
2018-09-20,5.5,86.6,13.3,16.2
2018-09-21,3.2,95.6,16.1,37.2
2018-09-22,-0.2,94.2,10.9,68.9
2018-09-23,3.2,90.5,6.4,101.1
2018-09-24,7.4,74.4,14.3,307.2
2018-09-25,10.8,50.7,12.3,268.7
2018-09-26,10.6,57.8,12.8,353.2
2018-09-27,3.4,89.6,11.1,343.5
2018-09-28,3.5,80.2,9.4,187.6
2018-09-29,0.9,73.9,15.2,10.1
2018-09-30,-1.8,75.5,21.2,158.9
2018-10-01,-1.1,90.7,11.2,25.8
2018-10-02,-2.8,92.5,14.1,49.9
2018-10-03,-2.6,79.9,9.5,217.9
2018-10-04,-1.3,82.6,8.6,166.4
2018-10-05,1,68.1,5.1,183
2018-10-06,2.6,62.6,6.2,15
2018-10-07,2.9,64.9,6.9,168.4
2018-10-08,-1.7,88.5,17,37.4
2018-10-09,-3.7,88.8,12.4,79.9
2018-10-10,-2,89.8,15.4,162.3
2018-10-11,1,79,11.3,183.1
2018-10-12,6.1,61.4,28.8,294.6
2018-10-13,-1.2,78.8,17,349.4
2018-10-14,3.7,54.2,10.9,241.4
2018-10-15,11.2,37.6,16.5,299.8
2018-10-16,11.4,37.8,8.8,264.6
2018-10-17,12.7,31.3,7.9,218
2018-10-18,12,31.8,12.7,19.9
2018-10-19,6.1,56.9,7.9,169.9
2018-10-20,9.6,49.6,11.7,25.1
2018-10-21,3.8,61.4,6.9,15.4
2018-10-22,4.2,58.8,10.7,176.5
2018-10-23,6.1,55.3,4.9,192.6
2018-10-24,9.4,51.2,13.7,295.6
2018-10-25,8.1,47.4,12.1,257.1
2018-10-26,8,55,13.7,260.1
2018-10-27,6.6,46.4,16.7,278.9
2018-10-28,5.6,52,13.1,192
2018-10-29,5.3,48.7,10.2,307.3
2018-10-30,6.1,38.3,19.5,277.8
2018-10-31,6.4,39.8,15.1,255.6
2018-11-01,2.6,65.8,21.7,19.4
2018-11-02,0.7,87.7,15.6,46.1
2018-11-03,4.5,65.4,12.2,208.6
2018-11-04,5,62.7,20,295.6
2018-11-05,-5.6,77.8,17,13.4
2018-11-06,-8.6,84.8,7.5,65.8
2018-11-07,-7.3,71.8,8.6,315
2018-11-08,-7.9,68.8,10.1,190.2
2018-11-09,-1.3,73.2,17,260.4
2018-11-10,-0.2,71.2,19.6,331.4
2018-11-11,-3.6,85.6,11.4,15.1
2018-11-12,-0.5,67.2,8.2,241.5
2018-11-13,8.3,36.3,16.2,256.4
2018-11-14,7.3,46,16.7,296.7
2018-11-15,2.8,60.2,7.2,207.6
2018-11-16,-8.6,82.8,21.5,25
2018-11-17,-7.1,68.4,8.3,216.7
2018-11-18,2.9,67.3,13.1,329.6
2018-11-19,3.6,67.7,7.6,212
2018-11-20,7.4,39,18.1,245.1
2018-11-21,4.4,39.2,7.7,217
2018-11-22,3.8,53.5,7.6,234.3
2018-11-23,-2,86,10,5.6
2018-11-24,-5.8,89.2,8.1,130.9
2018-11-25,-3.5,68.5,7,179.9
2018-11-26,-0.1,77.6,9,189.8
2018-11-27,7.2,53.6,15.4,270.5
2018-11-28,5.1,41.5,14.3,264.5
2018-11-29,0.4,52.4,5.8,0.5
2018-11-30,-3.8,70.5,4,28.4
2018-12-01,-3.6,85.1,14.8,347.3
2018-12-02,-3.8,83.8,15.8,334
2018-12-03,-4.2,74.6,5.5,266.8
2018-12-04,-4.4,59.8,12.1,298.5
2018-12-05,-8.6,76.4,15.6,342.2
2018-12-06,-10.3,65.2,5,284.9
2018-12-07,-6.8,57.2,5.3,261.4
2018-12-08,-4.2,47.8,8,213.9
2018-12-09,1.8,42.9,12.5,238.1
2018-12-10,4,44.2,19.2,292.2
2018-12-11,-0.7,52.8,9.8,221.8
2018-12-12,0.1,49.4,15.8,270.8
2018-12-13,-0.7,54.7,9.2,154.7
2018-12-14,4,47.6,11.9,222.1
2018-12-15,0.8,54.9,16.4,231.4
2018-12-16,-2.5,70,11.6,183.3
2018-12-17,1.8,57.6,11.4,214.2
2018-12-18,2.9,53.5,13,246.6
2018-12-19,3.2,41,15.5,257.5
2018-12-20,2.4,55.3,15.6,187.3
2018-12-21,1.3,45.2,21.9,307.3
2018-12-22,-5.3,53.3,12.5,238.3
2018-12-23,-3.2,58.7,13.7,292.3
2018-12-24,-7.8,76.6,8,167.4
2018-12-25,-5.6,82.9,6.9,5.1
2018-12-26,-7.4,90.9,11,126.4
2018-12-27,-7.2,84.5,8.5,176
2018-12-28,-4.6,57.8,10.6,242.5
2018-12-29,1.6,52.7,13.1,241.7
2018-12-30,-7.1,77.2,22.9,0.6
2018-12-31,-11.9,72.1,10.9,204.2
2019-01-01,1.5,48,14.3,274.7
2019-01-02,8.4,40.8,28.8,271
2019-01-03,4.3,57.7,10.6,191.7
2019-01-04,1.5,63.5,14.9,317.2
2019-01-05,-7.2,91.6,7.9,163.4
2019-01-06,-3,77,11.6,229.5
2019-01-07,-8.5,76.7,8.6,345.2
2019-01-08,-9.2,60.9,13.5,192.8
2019-01-09,-8.3,72.8,10,75.9
2019-01-10,-3.8,69,7.9,144.5
2019-01-11,-1.2,62,7.7,200.2
2019-01-12,4.1,39.9,8.4,271.3
2019-01-13,0.5,46.7,7.5,354.9
2019-01-14,-1.1,58.7,8.2,208.7
2019-01-15,-5.7,85.4,9,112.2
2019-01-16,-6.4,92.3,10.2,34.5
2019-01-17,-13.9,85.7,14.4,104.9
2019-01-18,-16.1,83.5,14.4,163.8
2019-01-19,-8.6,68.3,11.8,204.1
2019-01-20,-2.7,54.3,9.5,344.6
2019-01-21,-4.8,61.9,7.6,201.9
2019-01-22,-0.3,42.4,25.3,269.9
2019-01-23,-8.8,75.6,17.6,13.5
2019-01-24,-6.8,71.5,12.1,247.6
2019-01-25,-0.7,71.7,9.7,295.5
2019-01-26,5.6,49.8,15.4,317.1
2019-01-27,1.9,63,30.5,332.2
2019-01-28,-5.5,59.5,12.1,310.4
2019-01-29,-7.9,66.9,9,215.8
2019-01-30,-0.3,56,8.3,189.3
2019-01-31,-0.2,72.2,10.1,273.9
2019-02-01,-12.3,86.9,17.5,72.2
2019-02-02,-19.2,79.1,23.1,21
2019-02-03,-26.2,65.5,18.2,18.4
2019-02-04,-26.4,64.3,9.4,100.8
2019-02-05,-25.1,71.3,11.1,171.8
2019-02-06,-21.7,72.3,7.6,170.6
2019-02-07,-17.9,72.1,8.1,199.2
2019-02-08,-19,74.3,20.9,11.8
2019-02-09,-26.1,69.7,13.8,7.1
2019-02-10,-26.4,70.7,13.7,156.8
2019-02-11,-23.2,67.8,10.4,357.3
2019-02-12,-21.3,73.6,6.7,73.5
2019-02-13,-20,75.2,9.6,181.2
2019-02-14,-18.3,73.8,10.1,180.7
2019-02-15,-18.8,75.8,11.1,56.5
2019-02-16,-16.5,74.6,27.6,349.6
2019-02-17,-17.7,74,19.7,4.4
2019-02-18,-18.9,73.6,10.9,195.8
2019-02-19,-6.9,67.1,9.1,228.2
2019-02-20,-6.5,78.8,21.6,347.8
2019-02-21,-14.4,71.2,13.1,214.4
2019-02-22,-6.6,51.5,14.8,277.3
2019-02-23,-14.8,75,22.7,12.3
2019-02-24,-19.3,73,12.4,185.9
2019-02-25,-23.1,74.1,6.8,26.5
2019-02-26,-17.7,62.6,7.6,331.9
2019-02-27,-10.7,50.2,6,289.5
2019-02-28,-8.5,64.6,10.5,355.8
2019-03-01,-19.6,69.9,17.4,17.3
2019-03-02,-25.1,66.8,6.5,344.7
2019-03-03,-20.8,58,5.4,330.6
2019-03-04,-15.2,53.2,8.2,284.9
2019-03-05,-13.1,55.1,6.6,43.2
2019-03-06,-16.8,74,17.6,160.2
2019-03-07,-12.9,76,15.7,85.2
2019-03-08,-7.5,76.5,7.3,189
2019-03-09,-5.6,59.4,9,344.9
2019-03-10,-5.9,56,10.6,186
2019-03-11,5.2,38.2,16.3,255.9
2019-03-12,1,64.8,14.5,339
2019-03-13,-1.8,69.1,11.2,326.1
2019-03-14,-2.1,53.4,13.3,205.7
2019-03-15,0.7,54.6,15.4,240.6
2019-03-16,-0.9,62,7.9,152.7
2019-03-17,2.5,59,7.1,188.6
2019-03-18,4.9,47.5,8,73.5
2019-03-19,7.2,47.3,6.3,178
2019-03-20,6.9,52.5,5.6,21.7
2019-03-21,6.3,62.8,8.9,104.6
2019-03-22,6.4,66.8,6.6,16.6
2019-03-23,3.6,75.6,12.9,351
2019-03-24,0.1,95.8,13.3,107.7
2019-03-25,2.5,86.2,12.8,174.4
2019-03-26,4.6,72.2,14.2,293.6
2019-03-27,1.5,80.9,14.1,20.2
2019-03-28,1.8,65.9,15.6,173.4
2019-03-29,3.6,55.8,9.7,346
2019-03-30,5.9,46.4,16.6,356.6
2019-03-31,4.2,57.2,15.9,140
2019-04-01,3.7,59.8,18.1,342.5
2019-04-02,3.7,53.5,12.8,49.8
2019-04-03,5.4,45.8,10.5,199.7
2019-04-04,7.4,50.7,13.1,16.2
2019-04-05,4.3,70.3,17.3,153.3
2019-04-06,6.9,47.3,19,249.3
2019-04-07,7,36.2,14.7,264.7
2019-04-08,7.6,32.8,13.1,111.6
2019-04-09,5.6,40.5,11.3,110.4
2019-04-10,6.2,53.8,14.9,204.5
2019-04-11,2.4,85.5,13.7,357.5
2019-04-12,2.4,74.8,12.2,144.8
2019-04-13,5.6,48.7,8.5,230.1
2019-04-14,5.1,51,15.8,284.7
2019-04-15,3.6,47.4,7.4,277.9
2019-04-16,5.1,42.8,8.4,278.5
2019-04-17,8.1,33.4,16.4,277.5
2019-04-18,10.7,43.4,14.5,219.4
2019-04-19,6.5,68.9,15.5,353.1
2019-04-20,5.5,59,10.2,10.4
2019-04-21,8.8,40.7,9.1,200.8
2019-04-22,11.2,31.3,13.9,251.6
2019-04-23,11.9,35.9,15.2,303.9
2019-04-24,6.5,45.5,17.3,1.7
2019-04-25,6.1,33.7,8.4,191.4
2019-04-26,4.7,45.1,18.7,70.7
2019-04-27,0.8,86,29.2,30
2019-04-28,-1.1,65.5,18.7,346.3
2019-04-29,0.3,61.7,9.4,332
2019-04-30,-0.1,68.5,15.2,299
2019-05-01,2.1,64,13.9,199.7
2019-05-02,3.2,71.8,15.5,304.8
2019-05-03,2.8,74.2,19.5,20.3
2019-05-04,-1.3,88.7,13.6,72
2019-05-05,-0.3,82.9,13,153.2
2019-05-06,5.2,64.5,8.7,139.2
2019-05-07,6.1,75.5,11.5,358.9
2019-05-08,7,74.3,8.4,272.9
2019-05-09,10.8,53.9,9.8,199.6
2019-05-10,14,41.9,24.3,328.6
2019-05-11,13.7,43.8,10.4,175.2
2019-05-12,17.1,41.4,14.8,17.7
2019-05-13,13.5,45.8,12.4,27.3
2019-05-14,13.8,60.3,8.9,79.8
2019-05-15,12.1,64.2,21,31.1
2019-05-16,6.9,77.9,16.9,171.3
2019-05-17,5,85.8,13.4,146.2
2019-05-18,3.9,85.3,20,160.8
2019-05-19,6.1,66.2,15.8,179.6
2019-05-20,5.4,60.8,13.8,178.9
2019-05-21,5.8,80.2,7.5,13.5
2019-05-22,10.9,61.5,6,214.8
2019-05-23,13.6,46.7,9.9,239.6
2019-05-24,11.2,68.8,17.4,341
2019-05-25,8.6,81.8,15.8,349.8
2019-05-26,10.4,54.9,7.3,172.2
2019-05-27,13.1,47.5,11.4,180.4
2019-05-28,14.8,41,7.7,173.2
2019-05-29,17.9,39.5,8.7,353.2
2019-05-30,17.9,42.5,21.4,347.6
2019-05-31,15.8,50.8,9.5,197.2
2019-06-01,18.7,47.8,9,164.6
2019-06-02,19.8,42,15.4,93
2019-06-03,18.1,48.8,18.5,352.1
2019-06-04,15.4,47,20.1,190.5
2019-06-05,15.5,41.7,12,229
2019-06-06,11.6,64.7,16.8,346.8
2019-06-07,4.6,85.6,25,323.9
2019-06-08,8.3,65.1,12.5,283
2019-06-09,11.4,59.1,11.3,170.9
2019-06-10,13.6,53.6,11.6,278.8
2019-06-11,15.4,55.1,8.7,199.1
2019-06-12,18.8,46.3,7.8,186.3
2019-06-13,18.6,56.4,14.4,328.2
2019-06-14,14.9,68.7,18.2,330.6
2019-06-15,16,54,12.9,354.4
2019-06-16,16.2,58.2,10.6,50.9
2019-06-17,16.6,60.7,15.3,162.1
2019-06-18,16.3,67,17.3,61.7
2019-06-19,10.5,73,25.9,346.7
2019-06-20,8.2,73.5,19.5,310.7
2019-06-21,9,89.9,22.8,7.6
2019-06-22,13.8,64.5,21.7,350.5
2019-06-23,13.3,70.1,10.8,291
2019-06-24,13.4,61,15.2,322
2019-06-25,13.1,64.6,13.4,329.8
2019-06-26,15,61.4,9.1,21.8
2019-06-27,12.7,87.2,14.3,39.8
2019-06-28,14.8,52.8,11.8,227.1
2019-06-29,15.4,42,20,281.7
2019-06-30,15.8,56.6,9.9,211.9
2019-07-01,14.5,58.2,17,298.2
2019-07-02,11.7,67.2,9,325.3
2019-07-03,12.5,71.5,9.8,38.6
2019-07-04,9.7,92,13.3,49.9
2019-07-05,11.2,83.7,11,115.1
2019-07-06,15.2,77.7,17.2,150.7
2019-07-07,14.2,76,10.5,351.2
2019-07-08,14.4,69.8,12.2,23.3
2019-07-09,15.3,77,15.1,40
2019-07-10,18.7,60,14,240.7
2019-07-11,18.1,67.6,11.9,76.7
2019-07-12,19.5,56.8,9.3,84.9
2019-07-13,18.2,65,14.3,7
2019-07-14,16.6,62.6,14.4,306.4
2019-07-15,16.9,58.2,9.5,39
2019-07-16,14.9,77,9.5,359.7
2019-07-17,16.5,62.1,11.7,210.7
2019-07-18,14.5,51.2,18.4,286.8
2019-07-19,12,58.4,21.8,325
2019-07-20,13.2,81.1,14.6,328.1
2019-07-21,15.6,68.6,16.3,164.4
2019-07-22,18.6,63,9.3,168.7
2019-07-23,23.5,54.5,11.2,156.3
2019-07-24,19.8,41.2,24.6,264.5
2019-07-25,20.1,32.9,23.7,280.1
2019-07-26,20.6,42.5,11.9,186.7
2019-07-27,19.8,41.6,19.3,246.5
2019-07-28,17.6,47.7,14.6,19.8
2019-07-29,17.3,59.7,11.3,10.8
2019-07-30,17.8,64.4,14.1,271.3
2019-07-31,18.7,59.8,13,117.4
2019-08-01,18.6,71,13.3,26.4
2019-08-02,22.5,46,14.8,219.8
2019-08-03,18,55.4,15.3,353.9
2019-08-04,17.8,53.3,7.8,355.7
2019-08-05,18.9,53.5,10.4,282.3
2019-08-06,16,74.6,15,7
2019-08-07,16,78.3,13.1,133
2019-08-08,20.4,61.1,12.2,93.4
2019-08-09,14,82.9,20.6,5.4
2019-08-10,11.8,82.9,17.1,131.1
2019-08-11,12.9,84.2,14.2,92.3
2019-08-12,12.5,90.4,13.8,40.3
2019-08-13,15,78.1,7.5,176.6
2019-08-14,16.5,66.5,8.1,330.3
2019-08-15,19.2,46.8,11.3,260.1
2019-08-16,12.2,74.2,16.8,358.6
2019-08-17,12.9,54.2,8.8,228.9
2019-08-18,17.3,50.7,9.5,262.6
2019-08-19,13.7,68.3,12.2,52.6
2019-08-20,17.6,58.5,17.6,152.4
2019-08-21,21.4,48.9,15.8,190.5
2019-08-22,16.5,67.2,12.5,19.4
2019-08-23,16.8,72.2,15.5,196.8
2019-08-24,15.9,65.3,11.2,356.8
2019-08-25,12.8,69.2,11.2,317.9
2019-08-26,12.3,58.4,15,321.9
2019-08-27,14.3,55.2,10.3,197.6
2019-08-28,15.1,58.5,14,10.2
2019-08-29,15.1,51.2,16.8,137.6
2019-08-30,13.8,66.7,8,57.8
2019-08-31,12.5,86.4,8.2,12.7
2019-09-01,13.1,90.8,13.2,123.7
2019-09-02,15.2,68.1,11.8,327.1
2019-09-03,17.2,53.8,6.6,98.1
2019-09-04,18.6,50.6,14.9,324.2
2019-09-05,15.9,63.6,10.8,70
2019-09-06,14.5,66.7,12.3,158.4
2019-09-07,16.8,70.5,13.7,180.8
2019-09-08,14,79.1,12.7,20.4
2019-09-09,9.4,91.2,13.8,66.5
2019-09-10,7.4,88.9,10.3,101.9
2019-09-11,10,78.6,14.7,154.5
2019-09-12,13.6,61.5,11.1,195.9
2019-09-13,14.4,53.8,11.8,233.4
2019-09-14,14.1,52.8,9.1,197.7
2019-09-15,16.9,44.6,18.1,199
2019-09-16,14.1,68.2,12.1,16.3
2019-09-17,12.4,71.7,9.2,2.4
2019-09-18,10.7,72,8.3,50.2
2019-09-19,11,76.7,11.2,197.8
2019-09-20,11,70.7,13.4,338
2019-09-21,12.4,62.7,8.1,248.8
2019-09-22,16.3,42,13.3,235.1
2019-09-23,13.1,56.1,11,262.8
2019-09-24,11.3,49.9,14,310.8
2019-09-25,11.3,39.2,11.3,285.9
2019-09-26,7,70.8,15.6,355.6
2019-09-27,2,82.8,22.6,11.3
2019-09-28,-2.3,85.7,16.3,34.4
2019-09-29,-2.4,90.9,23.9,25.1
2019-09-30,-2.4,83.9,11.6,58
2019-10-01,-1.7,76,9.7,179.3
2019-10-02,2.2,69.1,7.6,186.2
2019-10-03,4.1,66.8,8.2,180.6
2019-10-04,6.8,47.9,15.8,261.9
2019-10-05,9.4,34,25,273.2
2019-10-06,11.6,31,21.6,269.3
2019-10-07,10.3,42.9,17.8,258.7
2019-10-08,-3.7,85.6,24.5,358
2019-10-09,-5.7,61,12.5,343.8
2019-10-10,-3.9,61.4,7.1,295.7
2019-10-11,-0.7,62.3,8.7,189.9
2019-10-12,3,64.2,5.5,118
2019-10-13,4.5,72.1,9.1,356
2019-10-14,2.4,75.7,18.7,346
2019-10-15,2.8,75,15.4,193.8
2019-10-16,11.6,42.1,11.5,244.8
2019-10-17,8.8,45.3,16.5,260.8
2019-10-18,6.3,42.1,18.7,244.9
2019-10-19,4,54.6,13.4,342.1
2019-10-20,1.2,60.8,7.5,222.3
2019-10-21,3.9,48.5,13.9,261.7
2019-10-22,4.9,63.5,15.3,272.9
2019-10-23,2.3,56.5,24.7,336.4
2019-10-24,8.4,49.2,16.8,237.6
2019-10-25,8.3,55,24.6,263.6
2019-10-26,-1.7,63.9,27,347.9
2019-10-27,-1.3,55.2,17.9,328.6
2019-10-28,-9.6,74.3,30.6,350.3
2019-10-29,-10,58.5,10.2,212.8
2019-10-30,0.9,42,8.6,291.6
2019-10-31,1,62.3,15.5,338.3
2019-11-01,1.5,46.2,6.4,197.1
2019-11-02,3.8,63.8,8.5,67.3
2019-11-03,1,88.5,14.3,359.8
2019-11-04,-1.4,90,10.2,180.9
2019-11-05,-4.9,86.4,17.8,8.8
2019-11-06,-10.5,79.1,11.5,195
2019-11-07,-0.7,59.8,10.5,224
2019-11-08,8.8,63.8,14.9,254.4
2019-11-09,-5.3,88,20.2,41.8
2019-11-10,-14.1,81.9,12,91.7
2019-11-11,-5.8,59.4,8.3,246.2
2019-11-12,3.6,66.5,15.8,313.3
2019-11-13,5,52.8,13.5,279.5
2019-11-14,2.4,60.2,8.3,219.2
2019-11-15,7.5,49.4,13.7,242.7
2019-11-16,4.4,57.6,8.8,204.8
2019-11-17,10.5,40.5,21.9,253.4
2019-11-18,5.2,43.7,13,225.5
2019-11-19,-0.6,90,10.8,51.4
2019-11-20,-4.3,84,7.5,208.5
2019-11-21,-2.2,70.9,4.9,287.1
2019-11-22,5,47.1,15.2,251.8
2019-11-23,8.3,42.3,19,257.6
2019-11-24,3.1,56.5,14.8,287.6
2019-11-25,-2.1,61.2,12.1,328.5
2019-11-26,-5.6,80.8,12.5,356.5
2019-11-27,-12.7,79.6,23.5,1
2019-11-28,-14.9,79.5,10.5,357.5
2019-11-29,-17.1,79.1,4.2,197.3
2019-11-30,-15.3,80.1,10.9,181.6
2019-12-01,-1.4,47,12.9,256.9
2019-12-02,3.1,40.2,24.8,273.4
2019-12-03,4.9,49.9,12.6,252.9
2019-12-04,-4.3,82,13.1,322.2
2019-12-05,-6.2,78.7,7.4,263.1
2019-12-06,-6.1,67.9,7.9,202.1
2019-12-07,-6,82.6,17.6,16.4
2019-12-08,-10.7,80.8,9.6,224.5
2019-12-09,-5.5,76.9,13.3,236.1
2019-12-10,-6.2,81.4,9.7,169.8
2019-12-11,-9.5,89.4,11.3,160.9
2019-12-12,-9.4,85.5,10.8,16.5
2019-12-13,-12.8,85,12.6,142.4
2019-12-14,-7.8,82.2,6.2,299.5
2019-12-15,-8.9,73.4,5.4,226.5
2019-12-16,-1.7,39.7,20.8,269.4
2019-12-17,3.8,47.7,18.9,216.5
2019-12-18,2,59.1,14.4,333.5
2019-12-19,0.7,50.1,10.9,223
2019-12-20,1.2,74.3,12.9,200
2019-12-21,-0.9,96,10.1,359.2
2019-12-22,-2.2,90.5,8.3,321.9
2019-12-23,-4.2,88.9,6.8,35.2
2019-12-24,-11,88.5,8,187.1
2019-12-25,-10.1,83.2,4,290.6
2019-12-26,-8.9,65.4,9.6,215
2019-12-27,-2.4,45.4,24.5,272.8
2019-12-28,-8.1,63.2,9.6,182.9
2019-12-29,-3.4,75.3,6.8,347.1
2019-12-30,-1.6,64,12.9,272.7
2019-12-31,5.3,44.1,30.3,283
2020-01-01,-0.3,78.9,9,331.3
2020-01-02,-3.1,62.9,14.2,310.7
2020-01-03,-2.1,54,11.4,193.9
2020-01-04,1.8,52.1,19.5,274.8
2020-01-05,-2.7,47.5,9.4,186.8
2020-01-06,-5,63.8,11.4,244
2020-01-07,-9.4,85.9,10.3,125.3
2020-01-08,-10.1,85.4,15.5,358.3
2020-01-09,-15.2,72.7,13.8,6.2
2020-01-10,-13.8,76.7,11.4,190.2
2020-01-11,-17.8,74.4,18.5,2.2
2020-01-12,-23.2,65,19.8,5.2
2020-01-13,-26.3,63.5,10.9,11.4
2020-01-14,-29.8,68.5,7.7,37.4
2020-01-15,-29.8,69.4,9.4,144.9
2020-01-16,-28.6,68.4,13.2,91.3
2020-01-17,-25,62,14,351.6
2020-01-18,-22.5,68.5,10.5,194.5
2020-01-19,-9.5,66.2,12.3,186.5
2020-01-20,2.3,61.2,9.6,244.4
2020-01-21,0,66.2,9.8,173
2020-01-22,2.3,43.8,17.5,266.7
2020-01-23,-0.1,57.1,11.8,194.6
2020-01-24,5.4,54.4,12.5,246.7
2020-01-25,4.2,46.2,13.1,314.5
2020-01-26,-2.6,69.8,8.1,168.5
2020-01-27,2.6,46.7,14.7,279.1
2020-01-28,-1.9,56.8,7.1,208.1
2020-01-29,-1.8,59.4,10.6,221.3
2020-01-30,2.2,44.5,16.5,245.7
2020-01-31,3.2,55.5,11.9,258.5
2020-02-01,4.1,72,23.8,229.3
2020-02-02,-5.3,57.8,13.6,237.7
2020-02-03,-9.6,72.4,13.2,32.8
2020-02-04,-7.6,57.5,18,233.4
2020-02-05,1.1,45,21.6,268.5
2020-02-06,0.1,51.2,11,313.7
2020-02-07,-3.8,68.2,10.5,190.8
2020-02-08,-5.3,80.8,13.2,323.6
2020-02-09,-3.1,64,20.6,298.3
2020-02-10,-3.2,56,15.3,277.1
2020-02-11,0.4,63,24.7,314.9
2020-02-12,-11.1,83,15.3,153.8
2020-02-13,-4.2,67.1,17.3,196.5
2020-02-14,-3.3,79.3,9,104.3
2020-02-15,-3.3,68.2,13.7,209.6
2020-02-16,-3.4,67.2,6.7,300.7
2020-02-17,-11.4,75.4,13.6,59.4
2020-02-18,-13.4,77.2,10.2,153.5
2020-02-19,-7,62.3,7.7,202.9
2020-02-20,0.7,38,14.8,250.1
2020-02-21,4.3,26.3,22.6,263.7
2020-02-22,1.4,55.5,18.3,299
2020-02-23,-4.1,78.4,12,74
2020-02-24,-4.9,79.2,13.2,10.5
2020-02-25,-6.3,71.3,6.6,227.5
2020-02-26,2.4,49.8,15.9,300.9
2020-02-27,5.3,36.8,25.4,270.5
2020-02-28,5.1,54,8,135.7
2020-02-29,1.5,61.4,29.1,299.9
2020-03-01,-2.4,63.7,15.3,233.5
2020-03-02,3.8,37.2,20.2,268.5
2020-03-03,3.3,41.9,23.7,270.4
2020-03-04,1,46.9,22.9,283.8
2020-03-05,-0.4,52,11.2,170.8
2020-03-06,-0.2,67.3,15.6,5.1
2020-03-07,-11,80.4,18.7,360
2020-03-08,-12.5,74.8,9.8,207.1
2020-03-09,-5.8,51.2,10.5,222
2020-03-10,-0.4,39.6,15.5,229.9
2020-03-11,0,52,13.6,318.1
2020-03-12,-3.1,64.5,15.9,354.7
2020-03-13,-16.2,75.8,25.3,19.7
2020-03-14,-20.1,71.6,20.9,349.5
2020-03-15,-16.8,63.6,5.8,349.7
2020-03-16,-5,59.2,9.9,208.6
2020-03-17,-2.4,61.5,21.1,20.8
2020-03-18,-8.6,83.9,12.3,139
2020-03-19,-10.1,82.6,17,128.6
2020-03-20,-5.7,68.9,9.5,176
2020-03-21,-1.1,61.8,11.8,302
2020-03-22,0.1,67.7,10.2,209.6
2020-03-23,0.5,70.4,14.4,343
2020-03-24,-3.9,82.7,15,71.6
2020-03-25,-4.5,70.8,12.3,153.8
2020-03-26,0.9,44.1,23.4,251.8
2020-03-27,3.8,42.7,15.7,221.7
2020-03-28,1.1,66.5,15.6,187
2020-03-29,4.3,58,16.3,178.6
2020-03-30,-6,90.1,18.5,48.4
2020-03-31,-10.7,71,24.4,6.4
2020-04-01,-13.1,62.5,17.2,9.7
2020-04-02,-11.3,69.9,12,151.1
2020-04-03,-9.4,79.3,15.1,92.9
2020-04-04,-7.9,74.1,12.3,69.2
2020-04-05,-5.8,88.7,16.7,125.3
2020-04-06,-1.1,71,17.1,280.2
2020-04-07,-0.6,66,15.3,9.3
2020-04-08,0,45.4,11,245.4
2020-04-09,4.3,52.4,13.3,187
2020-04-10,0.2,79,16.2,8.2
2020-04-11,-5.5,66.9,18.9,4.5
2020-04-12,-5.8,67,16.3,335.2
2020-04-13,-2.5,55.7,10.5,265
2020-04-14,2.9,74.6,17.1,336.2
2020-04-15,-0.7,82,19.3,342.8
2020-04-16,3,51.4,6.2,213.5
2020-04-17,7.7,51.5,22,318
2020-04-18,1.8,77.5,15.1,349.3
2020-04-19,7.9,46.4,10.2,319.4
2020-04-20,12.7,32.5,17.3,281
2020-04-21,14.1,29.3,25,290.4
2020-04-22,9,49.7,12.3,149.9
2020-04-23,7.3,52,9.5,351.1
2020-04-24,9,37,12.1,257.5
2020-04-25,9.7,35.4,15.2,216.1
2020-04-26,10.1,28.8,20.1,274.5
2020-04-27,9.7,34.1,18,262.6
2020-04-28,10.2,31.2,16.7,276
2020-04-29,14.2,36.2,15,181.6
2020-04-30,12.2,50.5,17.6,282.9
2020-05-01,8.7,49.1,7.7,65.9
2020-05-02,11.1,37.4,11.8,175.2
2020-05-03,8.5,56.8,17.6,311.3
2020-05-04,4.2,77.7,19.2,301.9
2020-05-05,8.6,57.3,11.1,161.3
2020-05-06,9.2,58.2,14.9,147.1
2020-05-07,10.5,62.5,12.3,326.3
2020-05-08,6.9,76.5,23.9,345.5
2020-05-09,6.9,57,15.6,24
2020-05-10,3.7,62.4,16.5,133
2020-05-11,4,52,15.4,162.7
2020-05-12,5.8,44.8,20.1,150.1
2020-05-13,7.8,46.3,7.8,228.2
2020-05-14,9.9,42.9,21.9,357.8
2020-05-15,10,51,10.9,160.8
2020-05-16,13.8,41.4,11.2,228.7
2020-05-17,15,39.8,8.1,184.5
2020-05-18,14,53.3,11.7,91.8
2020-05-19,10.9,71.5,13.9,344.8
2020-05-20,9.4,85,10.7,3.5
2020-05-21,5.7,90.3,25.5,322.6
2020-05-22,4.3,90.3,9.6,327.1
2020-05-23,9.2,66.9,10.2,295.7
2020-05-24,13.8,46.7,8.1,260.2
2020-05-25,14.9,44,12,243.9
2020-05-26,11,60.1,18.3,340.4
2020-05-27,10.7,46.4,11.5,345.7
2020-05-28,13,46,15,142.6
2020-05-29,15.1,50.4,10.2,43.3
2020-05-30,18.5,51,20,141.7
2020-05-31,14.6,79,17.2,242
2020-06-01,12.5,56.6,14.5,335.6
2020-06-02,14.9,40.9,10,232.7
2020-06-03,13.2,39.1,15,324.7
2020-06-04,11,44.3,8.8,2.9
2020-06-05,11.8,61.2,13.5,189.7
2020-06-06,13.6,69.5,13.6,108.5
2020-06-07,8.9,84,27.5,319.5
2020-06-08,10.8,65.9,15,190.9
2020-06-09,12.7,45.4,14,269
2020-06-10,17,34.8,15.2,275.5
2020-06-11,18,37.9,14.1,237.3
2020-06-12,18.9,47.5,14.9,195.9
2020-06-13,15.6,67.5,14.1,323.6
2020-06-14,14.3,58.7,13.1,294.8
2020-06-15,14.7,39.5,16.5,268.3
2020-06-16,13.9,46.5,13.9,343.8
2020-06-17,11.8,75.4,23,331.6
2020-06-18,11.9,73.7,12.1,12.6
2020-06-19,15.3,60.5,12.6,322
2020-06-20,17.9,60.3,8.7,94.4
2020-06-21,16.4,70.3,12.5,18.2
2020-06-22,18.1,60,9.1,186.1
2020-06-23,19.3,52.9,7.6,202.9
2020-06-24,15.3,80.1,11.3,345.6
2020-06-25,17.6,62.1,10.3,146.6
2020-06-26,18,57.9,14,124.5
2020-06-27,13.3,75.4,16.3,8.8
2020-06-28,10.7,83.4,20.9,344.7
2020-06-29,12.8,77,19.1,356.4
2020-06-30,11.8,91.8,20.4,349.6
2020-07-01,14.5,62.8,15.8,260.7
2020-07-02,15.8,44.3,17.2,249.3
2020-07-03,17.2,45.4,10.8,196.1
2020-07-04,15.1,57.2,17.8,322.8
2020-07-05,14.7,60.5,9.1,72.8
2020-07-06,16.8,61.3,13.4,169.2
2020-07-07,13.5,78.8,16.5,0.7
2020-07-08,13.4,75.8,27.2,313.2
2020-07-09,15.8,66.7,13.1,226.1
2020-07-10,17,57.8,13.5,109.5
2020-07-11,18.6,49.7,14,180
2020-07-12,16.2,55.9,13.9,15
2020-07-13,14.3,47,11.1,309.4
2020-07-14,17.3,37.1,15.6,275
2020-07-15,17.9,51.4,11.7,52
2020-07-16,18.8,60.6,15.9,197.5
2020-07-17,16.6,63.6,13.7,29.4
2020-07-18,16.6,55.2,9.5,164.9
2020-07-19,15.8,72.6,10.6,110.1
2020-07-20,17.6,60.2,10.7,100.5
2020-07-21,19.3,63.5,12,177.2
2020-07-22,19.8,72.4,13.3,27.1
2020-07-23,17.9,81.2,10.5,21.6
2020-07-24,13.5,83.4,12.8,
2020-07-25,14.5,62.2,8.6,
2020-07-26,17.1,56.5,7.9,
2020-07-27,20.1,56.9,15.8,171.6
2020-07-28,22.8,57.4,10.4,46.2
2020-07-29,21.9,74.6,14.3,10
2020-07-30,21.6,75.5,11.8,34.4
2020-07-31,22,71.6,17.4,134.4
2020-08-01,21.4,64.3,17.5,166.4
2020-08-02,22.4,60.7,13,157.8
2020-08-03,20.6,57.3,15.5,264
2020-08-04,18.9,56,10.7,114.4
2020-08-05,21.7,49.5,13.7,166.2
2020-08-06,21.9,44,11.7,222.8
2020-08-07,15.1,57,21.9,296.1
2020-08-08,15.7,48.6,17.2,279
2020-08-09,14.9,42.8,13.4,278.1
2020-08-10,19.4,42,20.1,306.9
2020-08-11,16.4,62.8,14.2,185
2020-08-12,14.2,61.2,18.8,23.9
2020-08-13,15.1,47.8,12.9,265.5
2020-08-14,16.3,45.3,11.6,270.2
2020-08-15,18.8,50.8,10.8,134.3
2020-08-16,21.9,42.5,11.5,179.1
2020-08-17,23.7,39.6,16.5,310.9
2020-08-18,25.3,35.2,10.8,239.4
2020-08-19,19.8,51.7,15.6,11.8
2020-08-20,19.8,65.4,13.2,355
2020-08-21,19,59.3,13.7,169.4
2020-08-22,18.7,43.4,15.8,308.4
2020-08-23,15.8,53.4,8,22.6
2020-08-24,17.8,53,14.8,75.4
2020-08-25,16.3,55,12.1,39.7
2020-08-26,16.1,54.8,8.2,106.7
2020-08-27,14.2,63,13.3,9.7
2020-08-28,17.6,47.2,9.5,175.9
2020-08-29,12.1,62.1,17.7,259.6
2020-08-30,11.9,54.5,9.2,325.5
2020-08-31,13.6,47,13.3,210.9
2020-09-01,17.8,42.1,11.5,330.3
2020-09-02,13.8,60.5,19.8,313.8
2020-09-03,14.4,55.8,9.1,8
2020-09-04,17,51.1,10.7,157.4
2020-09-05,19.5,48.2,12.4,0.2
2020-09-06,10.9,80.1,12.7,20.5
2020-09-07,6.2,76.8,17.5,337.9
2020-09-08,10.6,60.8,14.7,299.4
2020-09-09,14.8,56,6.4,168.5
2020-09-10,16.7,50.5,4.6,199.8
2020-09-11,17.8,50.5,10.4,215.5
2020-09-12,12.8,71.2,17,131.2
2020-09-13,10.6,65.8,15.7,12.3
2020-09-14,7.9,84.5,13.8,343.2
2020-09-15,8.9,78.5,9.3,19.3
2020-09-16,12.2,68.6,11.6,159.6
2020-09-17,13.6,63.8,11.8,146.4
2020-09-18,13.3,70.7,6.4,146.2
2020-09-19,15.7,59.6,9.4,279.9
2020-09-20,15,57.6,14,357.1
2020-09-21,13.2,55.6,8.6,297.5
2020-09-22,10.8,65,12,136.9
2020-09-23,13.2,55.8,10.5,210.8
2020-09-24,15.5,35.6,21.8,269.5
2020-09-25,11.9,40.3,11.4,230.8
2020-09-26,11.3,41.6,19.6,289.8
2020-09-27,11.7,30.8,16.8,270.9
2020-09-28,15.8,39,18.9,246.4
2020-09-29,13.9,56.8,16.6,14
2020-09-30,10.3,46.9,8.2,57.6
2020-10-01,11.9,53,11,178.1
2020-10-02,12.5,58.5,10.8,357.1
2020-10-03,12.6,57.7,10.2,181.8
2020-10-04,14.8,57.2,11.9,358.7
2020-10-05,15.1,56.5,16.1,266.6
2020-10-06,12.8,55,11.1,84.5
2020-10-07,10.4,56.3,11.2,147.8
2020-10-08,9.9,60.7,15,112.3
2020-10-09,7.5,73.5,14,161.8
2020-10-10,14.4,41.1,18.9,217.5
2020-10-11,8,40.8,16,298.4
2020-10-12,2.8,77.7,11,330.7
2020-10-13,0.7,81,13.5,38.8
2020-10-14,1.2,79.4,12.4,344.6
2020-10-15,1,71,12,331.1
2020-10-16,-0.6,81.5,16,56.7
2020-10-17,-5.9,69.7,18,350.7
2020-10-18,-7.8,80.4,14.6,150
2020-10-19,-5.6,87.7,19.1,162.9
2020-10-20,-1.6,72.6,13.5,235.5
2020-10-21,-4.8,83.7,23.7,5.4
2020-10-22,-9.3,79.3,9.2,48.1
2020-10-23,-10.1,85.4,15.3,103
2020-10-24,-12.3,73.8,11.1,344.3
2020-10-25,-10,61.3,8.7,205.5
2020-10-26,0.6,58,8.6,171
2020-10-27,9.1,49.4,24.6,287.8
2020-10-28,1.9,90,9.6,176
2020-10-29,1.7,81.9,10.3,36.3
2020-10-30,6.2,65.1,23.6,258.7
2020-10-31,2.4,55.5,13.5,233.5
2020-11-01,9.1,39.6,14.2,220.8
2020-11-02,14.6,27,15.7,240
2020-11-03,13,25.6,13.3,247.9
2020-11-04,10.7,49.2,18.7,189.6
2020-11-05,8.1,70,20.2,242.7
2020-11-06,1.4,79.9,9.5,120.3
2020-11-07,-2.6,87,31.5,352.1
2020-11-08,-9,71.7,39,343.5
2020-11-09,-5.1,62.2,11.3,204.6
2020-11-10,-1.9,83.1,24,319.1
2020-11-11,-9.9,76.6,14.9,307.2
2020-11-12,-4.8,56.3,8.9,233.8
2020-11-13,-2.3,60.2,6.4,4
2020-11-14,-1.9,64.7,13.8,310.1
2020-11-15,-1.8,51.4,11.2,258.9
2020-11-16,0.2,50.7,8.1,190.7
2020-11-17,-0.4,84.1,15.2,163.1
2020-11-18,-5.1,86.8,12.5,34.2
2020-11-19,-10.6,82.7,11.2,61.1
2020-11-20,-4.7,67.6,11,201.8
2020-11-21,0.4,51.3,12.7,254.4
2020-11-22,-4.4,67.4,5.7,187.8
2020-11-23,-2.1,65.3,11,52.9
2020-11-24,-1,63.8,9.8,204.4
2020-11-25,-1.3,64.4,13.5,303.9
2020-11-26,0.3,60.4,19,237.9
2020-11-27,6.4,39.5,9.4,215.1
2020-11-28,-0.6,59.1,20.4,294.6
2020-11-29,-0.1,46.2,12.9,247
2020-11-30,3.1,39.4,16.1,319.4
2020-12-01,-0.4,46.9,13,229.8
2020-12-02,1.5,51.5,4.1,331.8
2020-12-03,6.1,43.8,11.6,295
2020-12-04,7.2,39.2,11.1,282.5
2020-12-05,5.9,35.1,10.4,210.3
2020-12-06,8.5,27.3,21.6,270.1
2020-12-07,9.1,38.5,12.1,243.5
2020-12-08,6,61.5,13.8,268.2
2020-12-09,-0.8,90.2,6.7,349.9
2020-12-10,-6.6,79.2,8.7,356.6
2020-12-11,-8.4,90.1,14,164.3
2020-12-12,-8.5,78.4,17.9,320.4
2020-12-13,-16.3,82.2,16.8,135.8
2020-12-14,-8.2,71.7,10.7,209.2
2020-12-15,-0.9,54.2,10.6,216
2020-12-16,1.7,47.9,13.8,240.1
2020-12-17,-1.8,68.4,16.9,344.7
2020-12-18,-4.2,70.2,14,179.4
2020-12-19,3,39.9,21.2,265.2
2020-12-20,2.8,46.2,20.1,272.1
2020-12-21,-0.5,58.8,14.1,151.8
2020-12-22,-6.7,86.4,23.5,344.7
2020-12-23,-5.2,60.9,17.8,236.8
2020-12-24,4.2,33.5,18.8,259.5
2020-12-25,-3.2,64.4,9.8,355.9
2020-12-26,-5.4,85.2,14.5,1.1
2020-12-27,-8.8,89.7,8.1,182.2
2020-12-28,-6.5,71.1,6.9,247.7
2020-12-29,-9.2,70.9,5.3,211.7
2020-12-30,-1.7,53.1,5.2,213.5
2020-12-31,-4.5,74.7,7.2,202.8
2021-01-01,-0.1,58.3,11.2,202.3
2021-01-02,3,49.5,12.5,222.2
2021-01-03,2.2,49,19.5,283.7
2021-01-04,-0.9,57.9,13.2,230.1
2021-01-05,0.4,60.1,15.6,221.9
2021-01-06,-0.2,61.6,8,245.7
2021-01-07,-3.5,65.2,4.7,359.2
2021-01-08,-8.7,69.6,4.8,70.2
2021-01-09,-6.2,61.8,6,185.4
2021-01-10,2,48.4,21.7,271.9
2021-01-11,4.3,42.6,15.7,215.9
2021-01-12,2.9,55,9.1,163.1
2021-01-13,2.5,52.6,26.6,265.4
2021-01-14,-2.1,43.6,18,233.2
2021-01-15,1.9,47.5,24.1,259.5
2021-01-16,2.3,38.8,15.9,243.4
2021-01-17,1.7,57,17.8,290.8
2021-01-18,0.1,57.5,13.4,330.6
2021-01-19,1,45.2,17.1,241.9
2021-01-20,-2.3,53.6,13.5,323.5
2021-01-21,-5.1,57.8,9.6,303.1
2021-01-22,-7.9,64.5,7.2,328.3
2021-01-23,-10,69.1,12,188.1
2021-01-24,-15.1,85,12.3,156.6
2021-01-25,-15.2,85,17.1,154.7
2021-01-26,-14.7,85.5,13.5,162.1
2021-01-27,-12.7,87.1,8.1,59.8
2021-01-28,-14.6,83.8,9.9,126.4
2021-01-29,-11.8,78.5,8.3,187.3
2021-01-30,-8.6,69.1,6,179.9
2021-01-31,-3.8,70.4,5.5,0.9
2021-02-01,-3.7,76.4,7.9,356.9
2021-02-02,-10.6,84.6,15.5,11.9
2021-02-03,-14.7,79,8.8,23.8
2021-02-04,-7.5,74.8,12.5,312.7
2021-02-05,-16.6,83.1,14.4,83.5
2021-02-06,-21.6,75.5,13.4,66.8
2021-02-07,-25.9,76.2,10.8,157.9
2021-02-08,-25.9,72.2,11.7,355.3
2021-02-09,-26.8,65.4,10.5,345.3
2021-02-10,-27.5,63,12.4,351.7
2021-02-11,-27.7,65.8,13.1,322.1
2021-02-12,-20.4,68.6,13.4,354.6
2021-02-13,-21.2,71.7,12.9,154.1
2021-02-14,-24.3,74.7,21.4,168
2021-02-15,-20.9,75.3,10.7,167.1
2021-02-16,-12.1,78.3,7.6,33.9
2021-02-17,-8.8,68.4,13,315.8
2021-02-18,-8.8,62.6,11.1,203.9
2021-02-19,0.2,38.2,22.3,274.7
2021-02-20,-0.2,34.8,24.2,267.1
2021-02-21,4.1,39.3,23,253
2021-02-22,3.7,60,20.3,285.6
2021-02-23,-1.7,71.3,12.1,312.8
2021-02-24,-2.9,51.5,13.2,238.9
2021-02-25,0.8,34.8,20.8,275.4
2021-02-26,-6.3,65.7,19.1,2.7
2021-02-27,-10.2,74.4,10.6,174.5
2021-02-28,1.9,42.8,23.4,254
2021-03-01,5.8,43,20.3,243.3
2021-03-02,2.4,57.5,8.8,204.9
2021-03-03,2.8,51.9,9.6,194.1
2021-03-04,2.6,59,5.7,198.8
2021-03-05,5,50.5,15.9,192.3
2021-03-06,2.3,63.2,14.4,201.7
2021-03-07,1.3,47.7,12.9,223.6
2021-03-08,1,51.5,14.4,345.1
2021-03-09,-0.3,63.7,9.8,207.1
2021-03-10,-4.9,60.4,17.3,27.7
2021-03-11,-3.8,59.8,10.4,196
2021-03-12,6.7,29.1,9.7,265.6
2021-03-13,5.8,47.4,15.3,152.8
2021-03-14,8.1,38.8,13.7,198.4
2021-03-15,2,46.5,18.6,15
2021-03-16,0.6,55.8,9.1,56.4
2021-03-17,2.9,49.6,9.4,184.5
2021-03-18,7.3,36.5,11,190
2021-03-19,7.8,37.9,19.6,247.9
2021-03-20,4.8,34.9,16.5,264.5
2021-03-21,1.3,45,16.2,170.1
2021-03-22,2.5,49,23.4,337.6
2021-03-23,0.1,61.8,12.6,228.3
2021-03-24,3.9,48.3,19.5,293.8
2021-03-25,-4.1,87.7,14.1,41
2021-03-26,-1.8,82.6,10.2,114
2021-03-27,4.5,59.4,12.7,213.9
2021-03-28,7.8,43.8,24.7,273.5
2021-03-29,-6.1,59.2,42.4,346.1
2021-03-30,-2.6,41.6,15.1,269.7
2021-03-31,5.7,32.2,19,250.6
2021-04-01,8,32,17.3,225
2021-04-02,4.7,46.2,13.7,130
2021-04-03,6.3,39.8,12.8,39.7
2021-04-04,2.4,62.7,16.2,333
2021-04-05,4.3,50.6,8.2,211.3
2021-04-06,8,30.5,11.4,268.3
2021-04-07,8.2,34.8,16.4,250.9
2021-04-08,1.7,62.8,22.1,350.4
2021-04-09,2.8,45.8,15.7,224.6
2021-04-10,1.9,45.8,21.1,319.7
2021-04-11,-0.1,45,18,13.9
2021-04-12,-0.6,56.6,12.1,21.4
2021-04-13,-0.3,46.4,9.5,181.2
2021-04-14,4.5,35.4,11.1,166.6
2021-04-15,6.6,34.7,11.9,12.7
2021-04-16,8.6,30.6,5.3,21.9
2021-04-17,10.9,28.3,10.7,16
2021-04-18,0.3,76.9,20.7,2.5
2021-04-19,0.8,60.9,18.5,341.1
2021-04-20,3.6,48.1,9.2,216.6
2021-04-21,10.2,33.7,15.2,247
2021-04-22,-1.2,72.4,28.7,13.8
2021-04-23,-1.9,64.3,9.1,151.7
2021-04-24,0.3,71,11.6,166.2
2021-04-25,0.8,86.2,8.7,144.5
2021-04-26,6.5,48,12.3,258.4
2021-04-27,8.4,33.8,20.1,355.3
2021-04-28,9.3,39.5,17.6,266.6
2021-04-29,12.6,43.5,14.6,245.5
2021-04-30,16,31.2,20.2,271.8
2021-05-01,7.3,56,16.9,340
2021-05-02,5,70.1,15.6,329.7
2021-05-03,6.5,64.5,12.6,170.9
2021-05-04,6.4,72.5,11.1,351.6
2021-05-05,8.1,52,12.1,18.6
2021-05-06,11.6,41.7,25.6,158.5
2021-05-07,10.2,52.2,17.3,136.8
2021-05-08,2.5,89.5,29.3,350.5
2021-05-09,1.6,92,12.4,28.4
2021-05-10,6.2,63.2,11.3,181.6
2021-05-11,8.4,58.1,16.8,346.2
2021-05-12,10.3,48.7,7.5,208.1
2021-05-13,11.6,49.3,15.7,0.3
2021-05-14,12.5,48.7,5.4,47.5
2021-05-15,15.3,39.5,11,262.6
2021-05-16,17.8,34.3,13.6,170.8
2021-05-17,17.7,41.3,16.1,297.9
2021-05-18,11.1,46.3,25.1,286.5
2021-05-19,4.1,66.4,19.8,14
2021-05-20,0.6,75.9,14.9,51.8
2021-05-21,4.9,52,7,21.1
2021-05-22,6.9,52.3,12,135.6
2021-05-23,5,83.4,14,192.2
2021-05-24,6.6,89.4,20.8,312.2
2021-05-25,8.8,78.8,10.3,67.5
2021-05-26,10.8,73.9,20.7,166.6
2021-05-27,14.6,49.5,19.6,197.6
2021-05-28,11.5,41,18.7,299.9
2021-05-29,13.3,34.2,13.6,312.5
2021-05-30,16,33,8.4,276.4
2021-05-31,18.5,34.2,11.9,47.9
2021-06-01,21,37.2,9.1,74.4
2021-06-02,23.4,34.4,7.8,285.7
2021-06-03,23.4,35.9,12.6,303.9
2021-06-04,21.2,41,18.6,296
2021-06-05,12.2,71.2,17.1,7.6
2021-06-06,9.6,68.2,14,299.2
2021-06-07,8.2,66.5,21.1,313
2021-06-08,9.7,66.2,10.4,104.9
2021-06-09,10.6,80.7,14.2,159
2021-06-10,10.6,74.2,15.1,323.7
2021-06-11,13,43.2,11.2,225.7
2021-06-12,14.7,38.2,11.8,276
2021-06-13,18.7,39.8,11.5,167
2021-06-14,22.8,49,,
2021-06-15,19.8,54.1,18.2,323.9
2021-06-16,16.7,34.7,25.2,276.9
2021-06-17,16.2,34,17.2,295.7
2021-06-18,17.1,44,14.8,180.1
2021-06-19,13,74,13.2,347
2021-06-20,16.1,53.5,16.3,4.2
2021-06-21,19.4,38.8,8.9,215.3
2021-06-22,24.2,28.8,17.6,281.6
2021-06-23,18.7,48.4,16.3,49.9
2021-06-24,15.1,74.6,,
2021-06-25,20.8,51.5,16.2,337.2
2021-06-26,24.3,46.8,13,359.9
2021-06-27,24.2,51,11.5,62.2
2021-06-28,26.3,45.9,13.4,157.9
2021-06-29,28.1,40.7,,
2021-06-30,28,31.6,21,168
2021-07-01,27.6,31.5,20.6,154
2021-07-02,22.9,57.2,14.6,349.8
2021-07-03,20.4,61.4,12.5,24.3
2021-07-04,16.1,84.8,12.6,19.1
2021-07-05,15.1,77.4,9.2,103.8
2021-07-06,17.9,73.7,,
2021-07-07,19,72.9,8.7,138.7
2021-07-08,19.8,64.3,8.6,68.1
2021-07-09,21.4,54.4,7.8,357.6
2021-07-10,23.4,47.3,11.9,234.5
2021-07-11,18.2,62,10,9.5
2021-07-12,19.1,61,8,59.9
2021-07-13,20.8,56.1,11.8,135.8
2021-07-14,22.9,50.5,12.8,183.6
2021-07-15,22.2,53.5,11.4,13.8
2021-07-16,20.7,55.6,13.4,37.9
2021-07-17,17.2,69.4,17.6,11.9
2021-07-18,16.1,81.6,13.8,99.5
2021-07-19,17.4,82.1,12.1,86.8
2021-07-20,17.6,87.7,11.6,130.6
2021-07-21,19.8,64.1,16.5,148.2
2021-07-22,16.5,56.7,14,134.8
2021-07-23,18.5,37.7,17.1,262.5
2021-07-24,19.2,40,11.1,164.7
2021-07-25,19.4,50.4,11,69.3
2021-07-26,18.5,61.3,14.8,142.5
2021-07-27,18.5,61.9,14,35.1
2021-07-28,20.6,55.8,10.6,138
2021-07-29,22,56.2,13.1,6.1
2021-07-30,22.2,54.4,12.4,141.8
2021-07-31,22.7,45,8.6,172
2021-08-01,24.8,42.4,13.1,174.4
2021-08-02,21.3,71.5,14.4,344.1
2021-08-03,23.9,49.2,13.5,313.9
2021-08-04,20.7,54.9,11.8,197.4
2021-08-05,22.7,42.7,12.1,191
2021-08-06,21.2,48.9,13.6,14.8
2021-08-07,19.4,48.7,16.5,223.9
2021-08-08,14,64.1,10.2,318.8
2021-08-09,18.6,51.8,12.2,264.5
2021-08-10,17.9,53.7,18,205.4
2021-08-11,18.9,45.3,19.8,355.9
2021-08-12,19.5,39.9,6.6,331.1
2021-08-13,22.2,38,9.8,175.9
2021-08-14,24.4,32.2,11.4,225.2
2021-08-15,23.4,39.4,12.2,233.1
2021-08-16,16.8,64.2,11.5,16.7
2021-08-17,10.3,89.6,13.7,344.2
2021-08-18,12.8,65.8,13.1,154
2021-08-19,12.3,80.6,12.5,320
2021-08-20,13.9,66.1,11.5,351.5
2021-08-21,12.5,73.2,15,28.2
2021-08-22,12.8,78.4,14.6,83.5
2021-08-23,9.2,79.1,25.7,317
2021-08-24,11.2,63.5,16.7,54.8
2021-08-25,13.3,58.2,15,181.6
2021-08-26,15.6,49.4,6.6,180.2
2021-08-27,14.8,60.2,17.1,344.8
2021-08-28,15.2,56.2,8.1,198.8
2021-08-29,17.7,45.1,8.1,259.8
2021-08-30,16.7,49,10.7,32.8
2021-08-31,11.9,73.7,,
2021-09-01,10.1,65.5,20,319.2
2021-09-02,11.4,60,16.3,345.1
2021-09-03,13.8,53.8,7.8,190.6
2021-09-04,15.9,47.1,8.5,246.7
2021-09-05,20.8,31.5,17.6,275.6
2021-09-06,16.3,43.8,12.9,346.1
2021-09-07,15.4,45.9,9.2,137.7
2021-09-08,15.2,53.9,8.8,211.3
2021-09-09,17.5,52.5,10.9,287.2
2021-09-10,14.5,64.7,14.9,184.1
2021-09-11,11.7,88,12.1,114.4
2021-09-12,11.9,84.5,10.9,116.7
2021-09-13,12.5,64.5,7.6,112.3
2021-09-14,13.8,44.3,7.9,221.5
2021-09-15,8.4,61.5,18.5,297.1
2021-09-16,8.9,36.1,16.2,295.2
2021-09-17,9.9,48.9,10.1,174.4
2021-09-18,16.9,40.9,25.1,236.7
2021-09-19,11.5,41,11.8,294.3
2021-09-20,10.1,48.1,9.6,250.2
2021-09-21,14.8,38.2,14.1,227.3
2021-09-22,15.5,40.5,13.6,245.3
2021-09-23,10.4,48.2,10.7,93.1
2021-09-24,14.9,46.9,11.4,196.6
2021-09-25,16.2,50.7,9.4,281.5
2021-09-26,15.9,52,9.1,204.8
2021-09-27,16.5,42.4,14.7,209.4
2021-09-28,12.5,41.1,16.1,305.8
2021-09-29,10.1,40,12.2,204.1
2021-09-30,14.4,44.2,12.7,219
2021-10-01,12.5,36,,
2021-10-02,10,41.3,11.5,242.6
2021-10-03,12,41.6,14,246.5
2021-10-04,6.7,60,7.7,50.2
2021-10-05,12.6,43.1,14.1,204
2021-10-06,5.9,62.7,14.6,351.3
2021-10-07,6.1,50.6,11.1,222.9
2021-10-08,5.2,35,8.2,187.9
2021-10-09,8.5,35.9,12.5,270.4
2021-10-10,5.8,60,19.9,286.3
2021-10-11,1,63,8.7,293.9
2021-10-12,0.9,54.7,15.7,177.8
2021-10-13,0.5,70.4,12.5,335.3
2021-10-14,3.8,52.6,16.6,287
2021-10-15,6.7,42.6,13.4,215.1
2021-10-16,11.4,43.2,12.7,221.6
2021-10-17,10.8,44.5,12.6,357.6
2021-10-18,3.6,79,13.8,28.9
2021-10-19,4.5,72.1,24.4,161
2021-10-20,3.5,73.1,16,172.3
2021-10-21,10.5,42.7,17.1,283.5
2021-10-22,6.7,62,12.2,159.7
2021-10-23,4.7,92.6,15.1,6.7
2021-10-24,4.7,73.1,13.9,168.5
2021-10-25,7.2,54.7,13.8,240.6
2021-10-26,6.8,44.6,10.6,255.2
2021-10-27,6.9,39.1,23.2,261
2021-10-28,4.4,54.4,11.1,183.5
2021-10-29,1.7,81.3,12.3,338.2
2021-10-30,-1.3,57.3,10.9,319.6
2021-10-31,-4.6,67.1,7.2,186.1
2021-11-01,-6.6,75.6,14.4,186.4
2021-11-02,2.7,56.3,9.8,227.8
2021-11-03,6.7,55.1,11,233.8
2021-11-04,8.5,55.7,11.6,290.1
2021-11-05,9.9,36.1,17.1,258.3
2021-11-06,3.1,44.4,13.8,225.9
2021-11-07,1.1,47.7,13.2,291.9
2021-11-08,1.9,38.7,15.2,230
2021-11-09,-0.6,61.7,13.9,202.7
2021-11-10,3.1,31.8,22.5,288
2021-11-11,-0.6,40.5,10.3,215
2021-11-12,1.8,63.1,11.4,220.3
2021-11-13,3.7,47.7,16.3,272.9
2021-11-14,3,66.6,9.6,173.3
2021-11-15,1.6,90.5,11.2,138.7
2021-11-16,-2.5,63.6,39.3,333
2021-11-17,-4.3,53.3,10,217.8
2021-11-18,-0.1,41.1,13.1,283.9
2021-11-19,-3,62,6.3,259.5
2021-11-20,-2.8,58,21.1,187
2021-11-21,-1.4,58.8,15.7,211.1
2021-11-22,6.5,38.1,11.1,222.8
2021-11-23,-1.6,70.8,14.3,24.4
2021-11-24,-3.8,72.3,10.8,187.2
2021-11-25,7.5,41.7,15.4,274
2021-11-26,5.4,50.5,15.5,264.2
2021-11-27,-1.8,92,16.4,181.9
2021-11-28,4.7,69.5,10.5,196.2
2021-11-29,4.5,54.9,13.8,253.3
2021-11-30,4.9,52.2,8.5,187.3
2021-12-01,3.9,74.7,13.2,65.2
2021-12-02,-1.5,87.5,16.1,84.6
2021-12-03,-4.4,76.8,9.8,192.8
2021-12-04,-6.2,69.2,10.5,244.8
2021-12-05,-12.5,72.8,14,3.3
2021-12-06,-11.3,78.6,9.8,219.8
2021-12-07,-5.6,63.9,10.9,182.7
2021-12-08,0.3,61.3,20.6,285
2021-12-09,-4.9,40.9,11.2,276.6
2021-12-10,-3.6,37.1,21.3,274.5
2021-12-11,-1,61.8,21.7,250.8
2021-12-12,-4.4,64.6,12,263.8
2021-12-13,-10.7,75.8,11,338.5
2021-12-14,-16,74.1,19,349.1
2021-12-15,-18.6,75,9.4,184.4
2021-12-16,-17.9,77.3,22.4,354.1
2021-12-17,-20.3,70.4,9.6,238.9
2021-12-18,-7.8,65.7,10,162.6
2021-12-19,-11.5,67.1,16.1,323.4
2021-12-20,-16.5,70.8,6.5,340.3
2021-12-21,-8.4,64.6,5.8,169.1
2021-12-22,-4.7,67.2,6.8,355.5
2021-12-23,-10.2,78.9,18.9,343
2021-12-24,-20.3,73.2,12.8,12.1
2021-12-25,-25.7,71,10,36.3
2021-12-26,-27.8,69.4,10.1,29.1
2021-12-27,-30.1,74,9.8,202.6
2021-12-28,-22.1,74.8,14.3,287.6
2021-12-29,-23.3,65.3,14.3,235.1
2021-12-30,-19,75.3,12,11.5
2021-12-31,-23.2,74,6.1,277.7
2022-01-01,-13.9,59.2,12.1,202.5
2022-01-02,-3,52.5,25.3,323.8
2022-01-03,-21.3,80.2,21.5,31.6
2022-01-04,-26.2,69.4,21.2,351.8
2022-01-05,-26.6,71,9.9,58
2022-01-06,-26.5,75.2,14.1,169.5
2022-01-07,-23.2,73.1,15.6,4.4
2022-01-08,-20.2,66,11.3,241.3
2022-01-09,-15.8,68.9,9.6,189.5
2022-01-10,2.7,46.2,9.1,268.6
2022-01-11,4.2,45.4,14.4,271.4
2022-01-12,5.5,51.4,16,275.3
2022-01-13,1.5,78.2,15.3,330.1
2022-01-14,0.6,75.1,16.9,223.4
2022-01-15,6.5,41.8,17.4,287.1
2022-01-16,-0.1,61.5,9.7,192.7
2022-01-17,5.8,48.4,26.6,296.5
2022-01-18,-16.2,72,19.4,47.7
2022-01-19,-16.5,75.7,14.3,190.1
2022-01-20,2.2,51,19.2,249.2
2022-01-21,1.9,62,10.5,279.8
2022-01-22,6.9,45.5,15.2,265.7
2022-01-23,7,33.8,16.9,297.4
2022-01-24,0.8,71.8,20.5,334.2
2022-01-25,1.5,50.6,18.9,255
2022-01-26,0.8,45.5,18,341.2
2022-01-27,0.3,40,14.6,262.3
2022-01-28,6.5,17,16.8,285
2022-01-29,3.4,32.8,12.7,213.5
2022-01-30,5.3,39.6,14.7,245.3
2022-01-31,-8.4,64.5,27.7,14.6
2022-02-01,-19,73.5,12.3,19.4
2022-02-02,-21.7,72.5,16.6,204.9
2022-02-03,-13.8,71.1,18.1,62.2
2022-02-04,-3,56.8,20,252.1
2022-02-05,3.3,45.8,19.7,278.8
2022-02-06,7.2,32.5,26.5,278.5
2022-02-07,6.4,32.5,23.9,258.6
2022-02-08,6.3,31.2,27.3,281.4
2022-02-09,9.7,36.8,25.4,282
2022-02-10,8,39.1,20.8,345.3
2022-02-11,-1.1,48.2,19.9,0.6
2022-02-12,3.8,30.2,16.7,249.8
2022-02-13,4.1,44.9,15.8,47.7
2022-02-14,-2.2,79.1,10.3,71.3
2022-02-15,-3.3,80.8,14.7,38
2022-02-16,-7.4,81.5,10.9,204.3
2022-02-17,0.3,67.4,20.6,231.5
2022-02-18,-6.4,85.7,21.2,149.9
2022-02-19,3.9,62.7,17.9,307.6
2022-02-20,-16.3,78.6,16.7,49.8
2022-02-21,-21,74.2,13,11.1
2022-02-22,-22.3,69.1,7,81.2
2022-02-23,-17.5,61.7,10.8,228.1
2022-02-24,-7.2,80,15.1,334.4
2022-02-25,-4.6,47.9,8.5,289.7
2022-02-26,1.7,37,12.9,269.2
2022-02-27,5.5,40.9,20.8,266.6
2022-02-28,0.5,61.3,9.5,15.3
2022-03-01,-1.8,82.1,10.7,156.9
2022-03-02,-6.8,92.9,10.4,123.2
2022-03-03,-8.1,91.7,9,61
2022-03-04,-8.8,85.5,18,8.1
2022-03-05,-6.2,81.2,7.8,11.4
2022-03-06,-3.6,69.8,12.1,289.7
2022-03-07,-0.1,54.2,29.8,329.9
2022-03-08,-9.5,67.2,25.3,357.3
2022-03-09,-13,67,13.7,322.3
2022-03-10,-7.7,49.7,18.2,300
2022-03-11,-6.8,64.7,15,209.2
2022-03-12,4.8,40.1,19.5,257.8
2022-03-13,0.5,71.8,9.8,134.4
2022-03-14,4.2,62.7,14.2,203.6
2022-03-15,5.4,53.4,16.2,297.4
2022-03-16,5.1,33.8,18.9,294.2
2022-03-17,5.1,37.4,17.5,249.5
2022-03-18,4.4,43.2,13.4,301.4
2022-03-19,4.4,44.5,7,183.7
2022-03-20,2.2,54.2,26.3,321.5
2022-03-21,4.9,31.3,19.3,299.1
2022-03-22,8,37.5,13.1,219.7
2022-03-23,9.4,42.4,15.7,234.9
2022-03-24,1.6,50.3,16.7,331.2
2022-03-25,1.1,57,13.3,169.2
2022-03-26,0.1,61.9,8.2,86.2
2022-03-27,4.7,55.8,10.9,97
2022-03-28,-0.3,80.3,23.4,1.9
2022-03-29,2,61.8,8.7,226.2
2022-03-30,6.6,48.1,18.1,270.2
2022-03-31,3.6,48.4,20.7,340.7
2022-04-01,3.3,44,9.6,82.6
2022-04-02,3.2,57.1,11.2,328.3
2022-04-03,2.1,56.7,11.4,206.4
2022-04-04,6.3,37.9,27.3,240
2022-04-05,5.7,29.8,25.8,324.7
2022-04-06,3.9,30.9,11.4,21.6
2022-04-07,6.9,34.2,14.3,183
2022-04-08,12.1,29.2,20.4,245.4
2022-04-09,3.5,43.1,17.4,345.2
2022-04-10,-0.8,39.9,27,354.7
2022-04-11,-4.5,42.1,24.1,1.7
2022-04-12,-9.3,70.4,25.6,19.1
2022-04-13,-8.3,72.5,20,10.3
2022-04-14,-7.9,77.5,15.6,17.4
2022-04-15,-6.2,71.3,7.8,58.7
2022-04-16,-2.8,58.2,13,162.7
2022-04-17,-0.7,57.6,13,43.9
2022-04-18,2.7,46.2,21,180.9
2022-04-19,-0.3,83.8,18.5,0.9
2022-04-20,-1.4,74.6,20.1,45.1
2022-04-21,0.9,69.7,23.6,156.6
2022-04-22,0.8,88,11.3,13.7
2022-04-23,4.3,66.9,10.3,357.6
2022-04-24,7.6,47,8.6,136.1
2022-04-25,9.7,37.4,7.9,225.9
2022-04-26,9.5,50.4,13.3,258.3
2022-04-27,7.3,40.3,16.8,301.4
2022-04-28,5.7,31.5,8.1,7.2
2022-04-29,6.5,44.5,10.9,68
2022-04-30,7.5,52.5,15.7,112.8
2022-05-01,9.8,47.3,16,204.8
2022-05-02,9.6,49.5,8.4,33.4
2022-05-03,11.5,50.1,10.1,241.3
2022-05-04,13.8,37.1,12.3,231.8
2022-05-05,13.9,45.3,13.9,220.2
2022-05-06,12.7,28.2,24.9,289.6
2022-05-07,8.5,43.3,14.8,7.2
2022-05-08,4.7,71.2,13.5,282.9
2022-05-09,3.6,74.5,10.3,142.8
2022-05-10,3.8,80.3,13.9,31.3
2022-05-11,8,51.4,8.3,221.4
2022-05-12,9,38.5,14,187.9
2022-05-13,7.9,47.9,13.1,226.2
2022-05-14,10.3,35.4,14.7,318.7
2022-05-15,12.6,33.2,8.4,186.2
2022-05-16,15.1,37,16.7,267.3
2022-05-17,9.2,61.2,16.5,13.3
2022-05-18,8.5,56.2,19.7,224.6
2022-05-19,4.4,76,36.4,342.4
2022-05-20,4.7,65,26.4,351.7
2022-05-21,5.7,46.5,11.8,45.3
2022-05-22,9.5,37.5,9.4,278.4
2022-05-23,12.6,31.1,10.9,268.9
2022-05-24,13,38.5,13.5,324.2
2022-05-25,14.3,33.6,15,284.8
2022-05-26,14.8,30.3,10.2,296.8
2022-05-27,15.6,36.8,15.5,262.8
2022-05-28,14.2,28,10.9,341.6
2022-05-29,11.8,42,23.4,4.4
2022-05-30,9.8,57.5,27.5,357.4
2022-05-31,11.3,37.5,6.6,28.4
2022-06-01,13.9,29.8,8.3,353.9
2022-06-02,13.7,35.1,12,162
2022-06-03,15.9,29.6,19.8,178.9
2022-06-04,14.9,61.3,15.5,157
2022-06-05,11.4,88.2,16.7,84.1
2022-06-06,11.5,84.8,13.9,352.8
2022-06-07,12,72.8,15.9,76.7
2022-06-08,14.9,53.2,16.9,218
2022-06-09,16.5,41.8,12.9,269
2022-06-10,18.7,32.3,20.6,283.5
2022-06-11,16.9,42.9,12.4,322.6
2022-06-12,13.1,62.6,13.9,18.1
2022-06-13,10.6,84,18.4,352.2
2022-06-14,9.4,87.8,40.7,336.9
2022-06-15,12.2,71,39.6,333
2022-06-16,14.4,64,14.4,156.5
2022-06-17,16.1,78.1,12.3,43.7
2022-06-18,15.6,77.4,11.1,20.9
2022-06-19,14.7,71.4,12.3,359.3
2022-06-20,14.1,64.2,17.6,345.4
2022-06-21,16.8,51.5,8.7,226.4
2022-06-22,18.4,48.1,16.8,270.3
2022-06-23,10.6,75,19.8,2.4
2022-06-24,10.3,69.1,29.8,346.2
2022-06-25,13.8,51.5,11.9,249
2022-06-26,17.4,41.8,8.4,105.8
2022-06-27,17.9,51.8,9.4,76.4
2022-06-28,16.6,74.1,17.4,126
2022-06-29,13.6,69.2,12.2,345.1
2022-06-30,16,56.2,13.6,352.9
2022-07-01,16.6,62.6,10.9,311.8
2022-07-02,12.9,83.5,9.8,34.8
2022-07-03,12,80.3,7.8,75.6
2022-07-04,12.1,90.9,11.4,41.4
2022-07-05,15.2,69.9,10.4,314.1
2022-07-06,13.1,84.1,10.1,68.2
2022-07-07,17.9,76,15.6,151.6
2022-07-08,19.4,53.1,8.1,359.1
2022-07-09,19.6,43.1,14.8,117.6
2022-07-10,18.7,41.8,13.9,289.3
2022-07-11,20.3,43.8,13.3,159.9
2022-07-12,23.5,38.2,16.9,196
2022-07-13,18.6,57.2,14.6,55.7
2022-07-14,19.8,57.5,14.7,139.9
2022-07-15,23.1,38.2,10.3,352.5
2022-07-16,22.2,50,15.7,39
2022-07-17,19.1,60.8,15.6,56.8
2022-07-18,16.4,73.5,14.4,176.9
2022-07-19,22,41.2,17.3,296.3
2022-07-20,18.7,54.9,12.3,144.2
2022-07-21,21.3,51,12.4,8.8
2022-07-22,16.7,68.6,15.1,351.1
2022-07-23,18.6,65.8,11.8,168.9
2022-07-24,20.6,59,11.9,28.6
2022-07-25,17,71.7,10.6,13.7
2022-07-26,18.7,63.3,7.7,33.4
2022-07-27,21.4,59.3,11.6,137.5
2022-07-28,22.9,57,16.5,163.4
2022-07-29,23.1,56.8,9.3,29.5
2022-07-30,20.4,60.7,10.1,320
2022-07-31,21,68.1,12.5,55.8
2022-08-01,21.5,66.2,18.8,96.2
2022-08-02,18.3,54.6,14.8,47.6
2022-08-03,19.4,56.2,11.7,210.9
2022-08-04,15.2,73.7,15.5,338.6
2022-08-05,13.5,55.5,22.1,346.1
2022-08-06,17.5,45.2,15.1,172.1
2022-08-07,22.4,36.3,12,280.2
2022-08-08,21.7,40.1,17.5,354.7
2022-08-09,20.6,41.3,20.5,151.5
2022-08-10,21.8,47.6,9.6,171.7
2022-08-11,24,43.8,16.2,327.8
2022-08-12,22.9,46.2,9.3,127.1
2022-08-13,22.5,42.2,10.8,267
2022-08-14,20.6,44.1,11.9,127.6
2022-08-15,19.6,52.5,10.9,359
2022-08-16,21,50.7,9,318.3
2022-08-17,20.2,56,,
2022-08-18,22,47.2,11.3,111.8
2022-08-19,23.6,39,18.1,163.2
2022-08-20,21.1,50.6,10.1,5.7
2022-08-21,19.1,68.4,13.8,338.4
2022-08-22,19.7,72.4,6,40.1
2022-08-23,16.5,80.2,8.5,346.3
2022-08-24,18.4,71.2,7.5,248.9
2022-08-25,17.6,68.4,10.5,148.9
2022-08-26,19.3,60.3,12.8,272.9
2022-08-27,14.7,70.8,18.3,309.5
2022-08-28,16.4,44.2,13.7,304.5
2022-08-29,19.2,43.7,11.1,263
2022-08-30,22.7,44.5,7.4,193.5
2022-08-31,23.8,41,7.3,244.3
2022-09-01,20.9,41,11.7,36.9
2022-09-02,20.4,45.4,13.8,191.9
2022-09-03,21.9,41.8,8.7,199.6
2022-09-04,25.5,27,12.8,276.3
2022-09-05,17.3,44.3,19.7,1.1
2022-09-06,15,49.8,15.4,143.7
2022-09-07,17.2,50.6,14.2,320.6
2022-09-08,11.8,54.3,11.9,336.3
2022-09-09,11,57.7,13.3,297.5
2022-09-10,15.1,44.9,8.3,211.4
2022-09-11,20,30.8,10.8,254.5
2022-09-12,15.5,49.6,17.5,243.2
2022-09-13,15.2,60.5,10.9,16.9
2022-09-14,15.3,56.8,11.5,7.7
2022-09-15,15,53.5,8.7,260.3
2022-09-16,14.8,50.5,6.7,187
2022-09-17,12.5,47.6,12,39.5
2022-09-18,11.1,52.2,7.6,20.3
2022-09-19,7.8,74.4,20.9,341
2022-09-20,7.6,58.3,12.2,348.6
2022-09-21,9,57.9,18.4,184.7
2022-09-22,9.8,65.6,11.4,177
2022-09-23,15.2,37,16.5,308.3
2022-09-24,16.2,33.3,15.2,296.4
2022-09-25,13.8,41.2,5.9,22.3
2022-09-26,15.7,46.2,9.6,124.4
2022-09-27,19,36.5,9.7,231.9
2022-09-28,17.9,37.5,6.6,125.1
2022-09-29,14.7,58.9,20.1,332.8
2022-09-30,12.7,75.5,21.6,355.9
2022-10-01,12.8,70.6,9.8,170
2022-10-02,13.7,60,8.6,278.4
2022-10-03,14.8,55.5,8,183.9
2022-10-04,15,52.6,8.5,27.1
2022-10-05,10.6,58.2,11.8,81
2022-10-06,8.5,72.2,12.7,167.7
2022-10-07,11.5,60,5.2,2.5
2022-10-08,12.8,49.8,4.7,338.3
2022-10-09,12.5,51.3,6.5,215.5
2022-10-10,12.7,49.7,22.2,268.5
2022-10-11,8.1,49.6,13.1,304.5
2022-10-12,8.4,46.8,11.4,312.8
2022-10-13,10.6,45.1,7,227.7
2022-10-14,12.5,45.2,17.2,301.6
2022-10-15,9.1,61.3,10.1,191.9
2022-10-16,10.7,55,7.4,185
2022-10-17,13.4,38.3,7.5,186.1
2022-10-18,13.5,28.3,5.3,103.6
2022-10-19,13.5,30.1,8.1,291.8
2022-10-20,11.2,44,15.4,304.8
2022-10-21,3.5,81.4,11,30.3
2022-10-22,0.1,98.1,16.9,10.2
2022-10-23,-0.4,89.5,13.6,13.1
2022-10-24,-0.2,76.7,7,333.5
2022-10-25,0.7,78.9,11.1,276.7
2022-10-26,2.8,52,13.6,261.3
2022-10-27,7.4,39.2,20.3,223.2
2022-10-28,5.6,54.7,9.6,238.8
2022-10-29,5.3,48.2,10.5,225.6
2022-10-30,8.9,40.7,16.9,237.9
2022-10-31,2.3,73.4,11.9,136.3
2022-11-01,-0.9,87.2,20.5,347.5
2022-11-02,-5.8,82.9,31.9,337.9
2022-11-03,-7.1,73.9,8.7,198.9
2022-11-04,0.2,58.9,8,173.1
2022-11-05,-4.9,84,29.5,345.7
2022-11-06,-13.3,75.8,20,12.4
2022-11-07,-16.7,79.4,16.5,19.1
2022-11-08,-18.8,75.3,9.9,10.8
2022-11-09,-19.4,78.8,11.8,175.3
2022-11-10,-12.8,73.6,7.9,187.9
2022-11-11,-7.4,64.2,5.2,203.8
2022-11-12,-3.7,75.8,10,335.7
2022-11-13,-3,64,6.7,295.9
2022-11-14,-0.1,70.8,14.9,347.4
2022-11-15,0.1,62.2,16.8,296.3
2022-11-16,-2.7,70.8,26.6,325.3
2022-11-17,-9.7,53.8,17.3,280.8
2022-11-18,-4.7,35.8,11.3,287.1
2022-11-19,-1.7,40.6,11.5,299.1
2022-11-20,1.4,45.3,6.5,321.5
2022-11-21,3.3,48.9,14.4,277.4
2022-11-22,5.9,49.2,11.2,259.4
2022-11-23,2.8,60.2,17.7,280
2022-11-24,6.2,46.9,14.7,221.5
2022-11-25,6.7,49.4,20.8,268.7
2022-11-26,0.7,56.9,12,199.2
2022-11-27,-2.3,56.7,27.5,326.8
2022-11-28,-12.6,58.1,34.4,339.7
2022-11-29,-16.6,68,15.5,19.1
2022-11-30,-18.2,76.9,20.1,70.2
2022-12-01,-21.5,71.5,12.6,350.9
2022-12-02,-19.4,65.5,8.3,341.3
2022-12-03,-10.3,52.9,14.9,225.1
2022-12-04,-2.9,58.5,21.3,343
2022-12-05,-11.1,80.2,16.7,68.4
2022-12-06,-21.9,74,17.1,149.5
2022-12-07,-4.3,52.2,16.4,231
2022-12-08,-2.8,56.4,6.2,253.5
2022-12-09,-5,58.7,,
2022-12-10,-7.5,75.1,7.8,178.6
2022-12-11,-12.4,73.9,16.8,346.5
2022-12-12,-13.8,70.2,10,98.1
2022-12-13,-7,76.7,10.4,217.8
2022-12-14,-4.8,78.8,18,340.9
2022-12-15,-6.3,70.6,9.9,319.3
2022-12-16,-2.9,61.2,9.3,287.4
2022-12-17,-16.2,75.1,26,356.4
2022-12-18,-23.2,68.2,23.4,342.7
2022-12-19,-27.2,60.7,20.1,335.8
2022-12-20,-29.6,66.5,12.6,356
2022-12-21,-29.3,64.6,19.7,338.1
2022-12-22,-27.4,65.5,12.4,195.7
2022-12-23,-23.2,75,11.6,155.1
2022-12-24,-12.4,76.3,12,193.7
2022-12-25,-0.1,55.2,14.9,241.5
2022-12-26,2,61.8,11.5,220.3
2022-12-27,0.8,90.7,12.1,113.1
2022-12-28,-5.6,92.8,10.8,21.8
2022-12-29,-6.4,91,6,201.1
2022-12-30,-2.4,57,7.2,219.2
2022-12-31,-5.2,69.2,5.1,16.3
2023-01-01,-3.4,66.6,6,205
2023-01-02,-5.6,67.6,6.3,186.1
2023-01-03,-6.1,66.5,4.6,239.4
2023-01-04,-5,54,6.6,321.3
2023-01-05,-10,75.8,8.2,191.4
2023-01-06,2,49.9,11.6,226.4
2023-01-07,1.3,54,7.9,218.5
2023-01-08,-1.4,69,9,218.6
2023-01-09,0.8,59.2,9.5,329.1
2023-01-10,-1.4,62.4,6.8,
2023-01-11,-8,77.8,6.2,
2023-01-12,-1.7,64.3,10,
2023-01-13,2.5,68.5,6.9,
2023-01-14,1.8,75.2,6.7,
2023-01-15,-2.3,91.7,7,
2023-01-16,-5.5,97.1,8.3,
2023-01-17,-4.8,77.4,3.8,
2023-01-18,-3.1,62.6,7,
2023-01-19,-0.2,51.3,16.5,272.3
2023-01-20,1.8,37.9,19.3,283.6
2023-01-21,5.1,44.9,12.9,249.7
2023-01-22,-0.2,62.5,20.6,308.1
2023-01-23,-1,50.8,21.7,258.7
2023-01-24,1.2,50,18.5,296.6
2023-01-25,2.4,63.9,13.7,314.3
2023-01-26,5.2,53.9,19.6,306.2
2023-01-27,-4.2,91.1,19.2,1.1
2023-01-28,-17.8,77,14.1,338.5
2023-01-29,-17.8,62.9,14.3,257.7
2023-01-30,-9.2,72.4,11,233.1
2023-01-31,-8.6,74.9,8.8,196.2
2023-02-01,-12.7,82.5,14.5,54.2
2023-02-02,-10.7,70.9,18.4,187.7
2023-02-03,5.6,34.1,15.5,249.6
2023-02-04,3.4,43.9,16.4,281.1
2023-02-05,2.5,50.3,12.6,253.7
2023-02-06,2.4,50.2,19.2,271
2023-02-07,4.2,49.5,17.4,262.4
2023-02-08,-0.5,61.1,20.4,292.7
2023-02-09,0,51,10.1,213
2023-02-10,2.2,47.5,17.1,269.7
2023-02-11,2.2,36.7,17.6,265.5
2023-02-12,5.8,37.9,16.2,250.9
2023-02-13,2.4,61.3,18.5,294.8
2023-02-14,-5.6,66.6,12.1,205.4
2023-02-15,-4.2,56.8,9.7,211.6
2023-02-16,0.1,46.2,17.3,250.8
2023-02-17,-0.3,42.5,15.5,305
2023-02-18,-0.6,46.1,11.4,245.8
2023-02-19,-0.5,65.2,16.5,306.5
2023-02-20,-5.9,88.2,16.3,97.6
2023-02-21,-16.6,79.1,17.9,49.3
2023-02-22,-23.7,74.7,11.4,55.6
2023-02-23,-27.1,69.8,9.7,43.6
2023-02-24,-24.5,69.9,13.5,172.5
2023-02-25,-11.6,65.3,7.4,181.5
2023-02-26,-6.6,69.5,6.9,238.1
2023-02-27,-7.5,75.9,10.7,168.9
2023-02-28,-11.3,82.8,9.3,75.7
2023-03-01,-8.6,79.1,10.9,182.4
2023-03-02,1,45.1,22.7,286.8
2023-03-03,-2.9,44.1,17.9,256.8
2023-03-04,-9.3,74.6,10.2,35.8
2023-03-05,-14.2,82.7,13.8,78.7
2023-03-06,-17.1,79.1,9.2,116.7
2023-03-07,-15.5,81.1,12.7,177.6
2023-03-08,-14.6,81.2,11,109.4
2023-03-09,-15.6,80.5,17.2,160.1
2023-03-10,-15,84.4,12.9,114.6
2023-03-11,-13.3,78.2,14.1,33.8
2023-03-12,-14.8,83.5,10.2,162.1
2023-03-13,-10.1,79.8,8.4,178.1
2023-03-14,-3.9,69.5,15.6,303
2023-03-15,-4.7,58.1,5.7,33.2
2023-03-16,-3,53.1,9.3,242.3
2023-03-17,-3.9,63,9.6,194.3
2023-03-18,-1.3,51.4,6.4,40
2023-03-19,-2.5,54.2,6.9,111.6
2023-03-20,-3,61.1,5.8,359.9
2023-03-21,-4.5,68.8,12.2,75.4
2023-03-22,-1,60.9,11.9,190.3
2023-03-23,1.7,42.8,8.9,119.3
2023-03-24,-1.8,68.7,18.5,27
2023-03-25,-1.9,82.7,11.2,310.2
2023-03-26,-2.1,72.4,11.9,11
2023-03-27,-5.6,76.1,11.6,74.7
2023-03-28,-6,65.6,10.1,142.8
2023-03-29,-1.6,61.1,9.6,174.3
2023-03-30,-2.5,83.5,15.6,163.6
2023-03-31,2.9,53,14.7,245.7
2023-04-01,4,39.6,9.5,265.2
2023-04-02,0.5,60.8,20.1,342.6
2023-04-03,-1.9,74.2,12.6,41.3
2023-04-04,-3.9,78.5,11.8,167.4
2023-04-05,-1.5,63.8,13.1,157.8
2023-04-06,1.8,62.6,13.3,164.7
2023-04-07,7.6,51.8,12.2,216.4
2023-04-08,9.6,34.9,14.6,265.3
2023-04-09,11.3,33.6,15.6,230
2023-04-10,7.5,49.1,16.7,109.8
2023-04-11,2.5,71.8,17.7,356.9
2023-04-12,1.1,71.9,10.7,356.3
2023-04-13,0.8,71.8,6.5,226.1
2023-04-14,1.6,66.5,9.3,166.3
2023-04-15,5.5,42,11.5,220.1
2023-04-16,10.1,34.8,12.8,198.2
2023-04-17,6.1,28.9,19.8,242
2023-04-18,3.5,30,12.1,81.7
2023-04-19,1.5,69.3,12.5,65.4
2023-04-20,-1.1,78.2,10.8,58.7
2023-04-21,-2,80.8,14.2,146.6
2023-04-22,3,57,14.5,166.7
2023-04-23,7.9,46.8,14.9,176.2
2023-04-24,10.5,47.4,11.8,312.8
2023-04-25,9,49.8,15.3,290.9
2023-04-26,8.3,55.8,18.1,215.1
2023-04-27,7.6,47.8,19,298.4
2023-04-28,13.4,34.9,10.2,62.4
2023-04-29,12.8,39.6,16.7,155.3
2023-04-30,14.2,37.9,14.9,148.9
2023-05-01,16.7,37.4,17.7,162.7
2023-05-02,17.5,33.8,13.7,9.9
2023-05-03,17.7,34.6,12.7,172.6
2023-05-04,18.8,32.3,16.8,85.3
2023-05-05,15.7,32.7,18.1,95
2023-05-06,8.1,65.5,11.7,78.8
2023-05-07,10.8,63.9,13.5,143.9
2023-05-08,9.4,81.4,,
2023-05-09,10,71.3,11.9,316.1
2023-05-10,10.6,69.7,9.3,328.5
2023-05-11,10.7,66,8.5,165.6
2023-05-12,13.9,53.8,9.2,100.3
2023-05-13,16.4,44.5,16,181.1
2023-05-14,16.5,47.4,25.3,176.5
2023-05-15,18.8,51,17.4,170.4
2023-05-16,16.6,40.5,22.9,350.1
2023-05-17,13.9,40.7,12.1,346.7
2023-05-18,12.8,45,14.9,169
2023-05-19,19.2,38.4,12.8,247.6
2023-05-20,19.9,40.5,10.1,182.1
2023-05-21,20.9,38.2,8.5,27.9
2023-05-22,15.5,62.5,16.1,335.5
2023-05-23,14.6,50.5,11.9,204.2
2023-05-24,13.5,56.9,12.6,25.4
2023-05-25,13.5,54.4,17.5,8.8
2023-05-26,14.1,52.4,8.2,167.4
2023-05-27,15.8,54.9,14,182.7
2023-05-28,17.3,53.1,12.5,216.7
2023-05-29,18.9,44.2,10.1,216.1
2023-05-30,18.8,41.4,12.1,324.3
2023-05-31,16.9,54.5,15.3,9.8
2023-06-01,10.8,76.7,24.8,340.3
2023-06-02,14.2,60.4,8.5,102.4
2023-06-03,17.1,54.2,10.4,115.4
2023-06-04,20.6,49.1,14.3,172.9
2023-06-05,18.3,50,18.4,11.7
2023-06-06,16.1,36.8,19.2,138
2023-06-07,20.4,41.9,7.8,193.5
2023-06-08,22.4,36.2,10.6,145.5
2023-06-09,21.1,41.6,13.2,167.6
2023-06-10,19.8,55.1,18,151
2023-06-11,18.8,60.4,21.1,342.6
2023-06-12,20.7,50.3,11.1,95
2023-06-13,21.9,45.4,15.6,215.2
2023-06-14,10.4,83.2,29.2,326.3
2023-06-15,12.3,60.7,25.7,322.4
2023-06-16,16.8,45.1,15.2,243.6
2023-06-17,16.3,53.5,17.3,108.6
2023-06-18,10.4,79.5,15.4,352.4
2023-06-19,9.6,67.8,18,267.7
2023-06-20,6.4,84.4,24.3,305
2023-06-21,10.8,59.8,12.6,280.4
2023-06-22,13.8,50,8.6,207.1
2023-06-23,15.7,48.3,11.4,266
2023-06-24,18.2,46.6,13.1,223.9
2023-06-25,17.1,51.6,25.1,333.9
2023-06-26,18.7,54,9.6,310.5
2023-06-27,18.9,55.3,,
2023-06-28,18.6,60.2,12.1,328.7
2023-06-29,19.9,61.2,13.6,323.5
2023-06-30,21.3,59.3,10.9,70.1
2023-07-01,19.3,63,18,320.9
2023-07-02,13.4,54.9,19.9,348.7
2023-07-03,12.8,58.4,24.6,332.7
2023-07-04,13.5,62.5,10.2,15.6
2023-07-05,17.2,51.6,7.3,207.3
2023-07-06,16.8,58.4,12.3,332
2023-07-07,17.7,60.4,7.7,356.1
2023-07-08,19.5,51.4,7.1,1.2
2023-07-09,20.4,49.7,8.3,266.9
2023-07-10,19.2,63.5,12.3,46.9
2023-07-11,15.1,83.7,11.7,42
2023-07-12,17.8,65.5,11.2,297.5
2023-07-13,18.4,56,14.6,301.3
2023-07-14,18.5,58.6,12.4,3.9
2023-07-15,19.3,63.5,9.1,6.1
2023-07-16,19.9,60.8,15.1,142.1
2023-07-17,15.4,71.8,17,342.2
2023-07-18,17.3,49.7,14.2,317.8
2023-07-19,17.8,55.8,9,125.5
2023-07-20,19.7,53.6,9.1,143.2
2023-07-21,21,53.3,6.9,111.8
2023-07-22,22.4,50,8,116.1
2023-07-23,22.2,59.6,14.7,51.3
2023-07-24,24,48.4,16.3,228.8
2023-07-25,20.1,42.5,17,316.8
2023-07-26,17,43.1,17.7,287.4
2023-07-27,13.4,72.2,13.5,354.6
2023-07-28,11.7,90.6,11.2,83.5
2023-07-29,17.8,64.8,12,131.7
2023-07-30,21.1,50.1,14.4,158
2023-07-31,20.1,52.5,9.4,351.4
2023-08-01,19.7,53.9,11,59.9
2023-08-02,20.9,45.3,10.3,92.2
2023-08-03,18.4,64.8,21.5,6.3
2023-08-04,19.3,55.9,16,118.3
2023-08-05,18.7,57.6,7.2,280.3
2023-08-06,19.2,50.5,9.1,269
2023-08-07,19,54.8,10.3,61.1
2023-08-08,17.5,71.5,12.7,345.5
2023-08-09,18.1,70,13.7,225.3
2023-08-10,16.7,60.8,9.9,17.6
2023-08-11,17,46.1,5.8,77.7
2023-08-12,16.7,56.8,15.3,340.5
2023-08-13,19.6,52.4,5.7,356.6
2023-08-14,23.7,41.2,9.1,11.5
2023-08-15,23.7,47.9,14,252.6
2023-08-16,21.1,47.8,10.8,186.3
2023-08-17,24.8,36.8,8.8,251.2
2023-08-18,12,74.3,21.8,358
2023-08-19,11.1,57,9.1,306.3
2023-08-20,13.4,55.5,14.5,112.4
2023-08-21,13.7,74.2,8.9,81.6
2023-08-22,15.4,90.2,9.9,94
2023-08-23,16.8,59.5,15.4,220.1
2023-08-24,13.6,59.5,16,302.7
2023-08-25,16.4,63.5,17.1,162
2023-08-26,20.4,45.7,10.3,17.8
2023-08-27,20.2,45,5.5,18.6
2023-08-28,21.5,42,3.9,
2023-08-29,21.3,39.3,11.3,173.7
2023-08-30,18.7,55.7,21.4,348.8
2023-08-31,15.3,73.9,16.5,333.7
2023-09-01,18.1,58.8,12.8,244.5
2023-09-02,22.1,36.2,10.6,142.1
2023-09-03,15.2,62.6,15.1,359.1
2023-09-04,9.8,84.8,10.1,39.3
2023-09-05,12.6,69.2,20.4,119.7
2023-09-06,11.6,71.6,10.6,299.9
2023-09-07,12.8,62.5,9.3,82.9
2023-09-08,12.2,64.2,7.9,54.2
2023-09-09,14.4,59.7,12.1,186.7
2023-09-10,14.8,55.3,18.8,168.7
2023-09-11,16.2,48.2,10.7,183.7
2023-09-12,18.1,48.8,12.3,338.1
2023-09-13,15.8,57.8,10.5,7.2
2023-09-14,13.2,50.1,7.3,322.6
2023-09-15,15,44.2,8.6,177
2023-09-16,21,20,13.4,239.9
2023-09-17,17.8,29.4,12.8,242.7
2023-09-18,13.4,50.8,16.9,326.2
2023-09-19,9.3,63.4,10.1,279.1
2023-09-20,7,78,19.8,345.6
2023-09-21,9.9,60.8,9.9,201.5
2023-09-22,11.8,61.2,13.9,177.2
2023-09-23,13.9,63.4,15.3,188.3
2023-09-24,14.3,39.2,11.9,228.8
2023-09-25,12.9,50.1,13.5,181.2
2023-09-26,16,37.8,16.3,236
2023-09-27,12.4,42.5,12.6,306.3
2023-09-28,10,51.5,10.5,313.7
2023-09-29,6.5,71.1,10.8,344.4
2023-09-30,4.7,89.9,17.1,39.7
2023-10-01,6.3,82,15.3,166.4
2023-10-02,8.8,69.8,11.2,260.6
2023-10-03,8.9,64.6,6,355.7
2023-10-04,9,59.2,17.4,344.6
2023-10-05,5.3,51.7,14.4,7.3
2023-10-06,9.7,45.3,11.8,191.1
2023-10-07,13.8,45.5,12.7,148.3
2023-10-08,14.7,42.5,7.6,190.3
2023-10-09,15.7,37.2,10.1,208.8
2023-10-10,14.7,42.7,13.2,194.3
2023-10-11,8.2,80.8,12.9,341.5
2023-10-12,7.3,90.6,15.3,357
2023-10-13,6.3,92.1,21.4,154.4
2023-10-14,6.6,88,11.8,177.6
2023-10-15,10.7,54.2,10.8,234.9
2023-10-16,8.1,65.4,6.7,233.5
2023-10-17,10.9,61.2,15,284.2
2023-10-18,13.8,48.8,19.4,270.9
2023-10-19,14.1,49.8,14.8,243.1
2023-10-20,6.9,70.2,7.5,147.3
2023-10-21,5.3,71.3,14.4,78.5
2023-10-22,3.2,76.8,11.9,89.5
2023-10-23,-2.7,94.6,22.5,64.7
2023-10-24,-10.2,86.1,13.2,79
2023-10-25,-12,81.2,5.7,39
2023-10-26,-9.3,79.8,11.5,355.7
2023-10-27,-6.8,73.3,10.4,298.5
2023-10-28,-3.2,62.8,15.2,310.4
2023-10-29,-3.2,67,5.6,154
2023-10-30,-0.1,60,10.8,208.7
2023-10-31,2.4,53.6,5.2,360
2023-11-01,-0.2,67.9,5.8,170.5
2023-11-02,1.9,71.2,10.5,351.1
2023-11-03,2.7,80.2,7.4,251.1
2023-11-04,4,71.8,10,201.9
2023-11-05,8.5,44.4,11.5,278.9
2023-11-06,2,66.7,7.9,172.2
2023-11-07,3.9,64.2,11.4,330.1
2023-11-08,1.8,52.3,10.4,343.1
2023-11-09,0.5,60.7,9,178.1
2023-11-10,2.6,47.5,17.1,239
2023-11-11,3.7,46.1,15.9,215.8
2023-11-12,3.1,40.9,13.5,217
2023-11-13,3.4,51.1,9.4,219.3
2023-11-14,2.2,31.8,11.8,271
2023-11-15,-0.1,53,14.7,22.2
2023-11-16,-0.8,68.2,10.7,214.9
2023-11-17,9.9,41.9,12.5,259.7
2023-11-18,5.3,52.2,9.5,210.1
2023-11-19,6.7,45.1,15,272.2
2023-11-20,2,36,15.5,188.2
2023-11-21,7.2,33.2,12.8,239.3
2023-11-22,-0.5,78.8,9.2,12.4
2023-11-23,-2.3,85.4,9.2,16.7
2023-11-24,-3.2,67.6,7,258.8
2023-11-25,-1,72.6,11.4,297.7
2023-11-26,-0.6,63.5,8.9,236.2
2023-11-27,1,45.4,8.3,257.1
2023-11-28,3.6,30.2,10.2,266.7
2023-11-29,-1,48.6,11.6,13.8
2023-11-30,-4.2,61.5,10.4,135.3
2023-12-01,-5.4,64,6.8,256.3
2023-12-02,-0.7,43.4,13.7,226.3
2023-12-03,-0.1,40.2,13.4,213.2
2023-12-04,4.5,33.1,17,260.1
2023-12-05,7.1,52.8,10.3,279.8
2023-12-06,2.4,82.4,12.7,6.8
2023-12-07,-0.5,93.8,17,11.3
2023-12-08,-3,93.1,7.1,12.8
2023-12-09,-6.2,71.2,10.6,211.4
2023-12-10,3,51.5,17.8,310.1
2023-12-11,-2.4,76.5,13.3,119
2023-12-12,-2.9,58.2,8.1,209.9
2023-12-13,3.9,39.1,7.6,201.5
2023-12-14,2.5,69.4,13.7,84.4
2023-12-15,-1.7,84.8,10.8,187.9
2023-12-16,2.9,67.7,13.8,177.9
2023-12-17,-1.3,66.1,17.8,172.4
2023-12-18,2.4,68,9.1,45.3
2023-12-19,-2.3,89.1,10.4,140.1
2023-12-20,5.5,57.9,10.7,228.2
2023-12-21,3.6,62.3,11.9,194.7
2023-12-22,5.4,56.6,10.8,184.6
2023-12-23,-2.2,64.1,14.6,282.2
2023-12-24,-6.6,62,7.1,198
2023-12-25,-3.9,52.5,5.3,182.4
2023-12-26,2.3,50,13.8,274.6
2023-12-27,-0.4,52.8,7.5,213.3
2023-12-28,6.4,41,9.9,245.9
2023-12-29,1.8,59.2,7.1,179.1
2023-12-30,-1.6,75.3,8.3,196.5
2023-12-31,5.1,60.5,6.7,3.7
2024-01-01,1,73.8,6.4,194.1
2024-01-02,-2.5,75,6.5,39.3
2024-01-03,-5.4,96.8,9.2,173.6
2024-01-04,-1.5,73.4,7.2,250.7
2024-01-05,-0.3,59.7,11.3,240
2024-01-06,-4.8,67.8,13.4,11.8
2024-01-07,-13.8,78.8,17.1,46.5
2024-01-08,-12.3,70.1,10.3,170.3
2024-01-09,-10.5,76.6,17,15.5
2024-01-10,-20.6,73.6,22.9,22
2024-01-11,-29.3,66,20.9,17.4
2024-01-12,-33.1,61.5,10.7,327.9
2024-01-13,-31.5,66.1,9.9,173.3
2024-01-14,-31.6,69.1,7,26.7
2024-01-15,-20,60.3,7.5,213.9
2024-01-16,-9.7,71.6,11.9,270.9
2024-01-17,-16.5,78.2,13.4,23.7
2024-01-18,-18.4,70.9,12.5,27.7
2024-01-19,-19.8,77.8,13.6,178.6
2024-01-20,-11.7,77.6,9.3,69.4
2024-01-21,-12.3,81.8,9.9,68.2
2024-01-22,-13.3,86.4,16.7,162.6
2024-01-23,0.7,64.2,9.9,214.5
2024-01-24,0.1,64.1,6.3,202.9
2024-01-25,4.2,48.9,11.5,306
2024-01-26,3.2,46.8,9.7,207.5
2024-01-27,4.7,55.6,9.3,232.9
2024-01-28,5.5,65.1,9.2,226.3
2024-01-29,5.1,65.5,8.3,197.3
2024-01-30,8.3,51.8,10.8,181
2024-01-31,3.8,69.4,8.5,189.6
2024-02-01,6.8,58.3,11,198.9
2024-02-02,4.5,70.5,5.9,331.7
2024-02-03,2.3,71.9,23,345.7
2024-02-04,-5.9,85,14,42.4
2024-02-05,-6.3,86,6.9,92.6
2024-02-06,-7.5,93.9,11.5,155.2
2024-02-07,-7.6,93.9,11.3,39.5
2024-02-08,-6.1,93.9,10.8,96.7
2024-02-09,-6.5,81.2,13.8,73.8
2024-02-10,-4.8,65,11.4,176.3
2024-02-11,-0.1,61.3,11.9,133.3
2024-02-12,-2,66.5,14.1,29.5
2024-02-13,-6.1,76.1,12.7,23.9
2024-02-14,-9.8,75.1,13.3,57.5
2024-02-15,-11.5,76.1,13.1,99.2
2024-02-16,-7.8,52.8,6.8,167.3
2024-02-17,-3.8,48.7,6.2,143.9
2024-02-18,-2.9,48.6,6.9,43.2
2024-02-19,-3.7,61.6,6,137.1
2024-02-20,0.1,66.8,8,129.9
2024-02-21,0.5,62.9,10.2,189.2
2024-02-22,4.1,44.3,13,265.6
2024-02-23,6.7,30.7,21.2,263.4
2024-02-24,-1.7,65.8,16.2,122.4
2024-02-25,-2.6,73.7,16.2,165.4
2024-02-26,-15.2,75.3,27.4,
2024-02-27,-20.1,69.6,17.3,118.2
2024-02-28,-9.1,68.6,13.3,141.4
2024-02-29,-1.3,66.5,23.5,63.7
2024-03-01,-12.2,83,20.4,79.8
2024-03-02,-16.8,80.7,17.5,20.5
2024-03-03,-19.2,71.1,15.9,10
2024-03-04,-19.5,67.1,12.3,55
2024-03-05,-17.2,74.2,6.3,176.2
2024-03-06,-12.4,77.5,7.5,145.2
2024-03-07,-7.6,56.1,8.8,206.9
2024-03-08,1.4,45.9,16.4,241.1
2024-03-09,4.2,49.3,11.7,204.6
2024-03-10,3.4,47.7,12.8,176.2
2024-03-11,3.2,51.6,10.1,195.7
2024-03-12,4.7,43.9,7,305.9
2024-03-13,1.7,64.9,16.5,25.5
2024-03-14,3.6,54.6,11.1,151.6
2024-03-15,7.2,54.7,11.9,78.2
2024-03-16,6.4,62.5,13.2,95.4
2024-03-17,6.9,63,11.7,169.8
2024-03-18,10.7,39.7,14.6,87.6
2024-03-19,1.5,69,17.6,69.5
2024-03-20,-6.8,87.2,21.5,112.7
2024-03-21,-8,82,16.6,83.7
2024-03-22,-7.9,85,18.6,111.8
2024-03-23,-8.8,86.4,18.4,109
2024-03-24,-8,84.2,20.8,132
2024-03-25,-9.8,83,23.2,133.7
2024-03-26,-6.2,84,16.9,138.6
2024-03-27,1.5,59.4,14,113
2024-03-28,-2.4,78.9,20.2,18.6
2024-03-29,-7.1,84.6,12.2,87.1
2024-03-30,-5.9,81.5,13.1,162.3
2024-03-31,0,62.4,12.9,103.9
2024-04-01,6.4,52.1,11.8,112.4
2024-04-02,8.8,51.5,12.3,153.8
2024-04-03,5.8,65.1,20.2,31.9
2024-04-04,0,93.2,16.7,37.8
2024-04-05,-0.6,86.1,19,15.5
2024-04-06,1.2,78.8,17.5,47.3
2024-04-07,6.1,58.5,9.6,2.7
2024-04-08,6.9,35.1,9.9,197.3
2024-04-09,5.8,48.3,16.6,302.7
2024-04-10,4,42.4,11.2,266.7
2024-04-11,6.7,41.9,9,135.2
2024-04-12,9.5,38.9,14.1,248.2
2024-04-13,9.4,35.6,12.2,318.3
2024-04-14,8.4,40.7,10.9,37.4
2024-04-15,8.4,47.6,20.1,6.7
2024-04-16,0,83.1,26.7,346
2024-04-17,-1.1,61.3,38.5,334.4
2024-04-18,-0.9,46.2,23.8,341.8
2024-04-19,-1.1,42.2,10.2,28.5
2024-04-20,2.9,43.4,20.9,171.3
2024-04-21,6.5,39.1,20.9,268
2024-04-22,8.8,28.3,27.4,306.1
2024-04-23,9.4,35.2,13.3,179.9
2024-04-24,10.2,33.3,11.7,264.2
2024-04-25,9.3,40.9,16.2,312.6
2024-04-26,4.4,64.8,14.6,52.6
2024-04-27,8.2,58.3,23.2,162.9
2024-04-28,10.6,36.6,17.1,293.5
2024-04-29,6.2,54.4,15.7,309.6
2024-04-30,1.8,79.9,20.9,329.1
2024-05-01,1.3,90.3,26.5,340.2
2024-05-02,2.8,80.5,22.5,337.4
2024-05-03,5.9,59.7,11.6,203.4
2024-05-04,7.5,52,14.8,123.5
2024-05-05,7,69,11.9,150.9
2024-05-06,8.2,76.7,15.6,334.2
2024-05-07,5.1,79.3,38.5,336.2
2024-05-08,8.1,42.4,18,299.5
2024-05-09,13.1,38.8,9.7,219.7
2024-05-10,17.3,31.7,13,294.7
2024-05-11,16.6,33.4,14.7,7.8
2024-05-12,16.3,42.7,17.3,285.6
2024-05-13,12.9,59,16.7,24.3
2024-05-14,12.3,61.2,10.3,217
2024-05-15,13.1,52,14.6,356.8
2024-05-16,9.8,76,17.8,115.9
2024-05-17,6,69.6,22.3,342
2024-05-18,7.4,51.3,15.1,267
2024-05-19,6.6,64.7,16.3,337.1
2024-05-20,5.6,81.7,18.8,317.2
2024-05-21,9.3,66.6,9.6,219.4
2024-05-22,7.2,81.8,12.3,57.5
2024-05-23,7.3,76,10.4,301.9
2024-05-24,8.7,71.5,8.2,305.8
2024-05-25,9.2,72.6,8.7,359.1
2024-05-26,10.6,61.8,15.8,311.7
2024-05-27,14,44.8,11,268.2
2024-05-28,16.5,41.9,17,178.6
2024-05-29,13.2,37.7,19.5,297
2024-05-30,9.6,46.8,14.1,312.5
2024-05-31,10.8,31.9,10,328.9
2024-06-01,12.3,39.6,9.7,205.8
2024-06-02,13.9,49.3,13.4,112.1
2024-06-03,13.5,55.6,10.4,178.1
2024-06-04,13.1,38,24,286.1
2024-06-05,13.9,26.9,16,278.4
2024-06-06,13.4,36.1,12.1,85.5
2024-06-07,13.8,35.6,15.2,29.7
2024-06-08,9.8,51.5,21.3,28.6
2024-06-09,12,54,18.9,152.1
2024-06-10,17,50.2,13.5,84.5
2024-06-11,17.6,38.3,21.2,245.6
2024-06-12,14.4,37.3,23.7,300.7
2024-06-13,15.2,42.3,17.8,157.1
2024-06-14,18.3,37.5,22.9,247
2024-06-15,10.5,66.5,15.3,21.6
2024-06-16,8.2,71.3,26.2,317.2
2024-06-17,7.6,70.4,12.3,337.1
2024-06-18,7,72.5,9.9,265.2
2024-06-19,9.7,61.9,5.7,206.7
2024-06-20,13.7,53.4,10.5,159.2
2024-06-21,14.7,57.2,12.9,96.2
2024-06-22,18.2,47.9,10.7,138.6
2024-06-23,19.9,44.3,18.7,211
2024-06-24,17.8,30,17,288.6
2024-06-25,15.7,49.9,12.1,5.2
2024-06-26,16.7,60.8,21.7,160.3
2024-06-27,12.5,86.6,15.9,352.5
2024-06-28,14,68.8,19.8,322.2
2024-06-29,15.9,63.2,15.6,174.8
2024-06-30,14.8,79,12.5,158.8
2024-07-01,15.9,68.7,15.6,313.6
2024-07-02,15.1,61.3,16.5,322.6
2024-07-03,13.1,74.9,22.1,322.2
2024-07-04,16.2,64.2,11.9,152.9
2024-07-05,17.5,55,13.7,175.6
2024-07-06,19,49.8,10.2,107.4
2024-07-07,20.8,52.5,13.1,185
2024-07-08,23.8,49.8,11,46.3
2024-07-09,23.4,62.2,14.8,150.4
2024-07-10,26.8,42.1,11.5,238.5
2024-07-11,23.5,46.3,14.2,24
2024-07-12,19.5,53.2,15.5,56.3
2024-07-13,20.2,54.8,11.8,306.2
2024-07-14,18.2,66.4,12.1,103.3
2024-07-15,21.2,59.3,11.2,116.7
2024-07-16,23.3,57.1,10.6,116.2
2024-07-17,24.4,54.5,11,180
2024-07-18,24,49.3,12.9,170.2
2024-07-19,24.2,46.2,11.6,177
2024-07-20,23.7,52.5,11.7,52
2024-07-21,25,52.3,11.3,163.1
2024-07-22,25.3,50.5,18.5,161.6
2024-07-23,25.6,49.5,14.4,223.8
2024-07-24,24.5,56.3,16.1,301.3
2024-07-25,16.6,61,24.2,306.8
2024-07-26,18,32,23,270.3
2024-07-27,16.4,45.9,12.5,259.5
2024-07-28,20,40.8,7.7,56.3
2024-07-29,20.6,42.2,11.7,256.8
2024-07-30,20.4,53.6,11.4,295.6
2024-07-31,23.6,34.1,17.3,269.9
2024-08-01,22.4,48.5,18.6,170.3
2024-08-02,21.9,45.6,13.1,53.4
2024-08-03,19,59.2,14.2,100
2024-08-04,18.9,62.4,10.6,78.6
2024-08-05,17.1,73,15,345.3
2024-08-06,14,87.4,16.3,31.4
2024-08-07,13.8,79.5,11.4,335.7
2024-08-08,14.8,66.9,10.2,123.9
2024-08-09,16.7,54.9,15.8,159.5
2024-08-10,17.4,52.4,14,151.8
2024-08-11,18.3,54.2,7.3,154.9
2024-08-12,18.4,57,7.7,279
2024-08-13,18.9,53.8,6.8,317.9
2024-08-14,18.4,60.8,9.1,338.5
2024-08-15,18.5,64.9,12.9,136.2
2024-08-16,16.1,81.6,9.5,28.2
2024-08-17,17.1,76.8,6.5,10.3
2024-08-18,18.8,67.6,12,108.7
2024-08-19,22.3,47.3,10.4,206.9
2024-08-20,19.7,41,11.8,294.9
2024-08-21,14.9,62.3,13.4,322.2
2024-08-22,15.7,67.8,13.4,102.9
2024-08-23,17.8,60.8,12.9,165.6
2024-08-24,16.2,49.8,19.4,227.2
2024-08-25,17.2,42.3,7.1,206.3
2024-08-26,18.1,44.5,10.1,194.2
2024-08-27,16.7,48.2,19.9,219.4
2024-08-28,9.4,87.9,30.7,329.2
2024-08-29,16.3,54.2,13,267.7
2024-08-30,19,45.4,16.2,278.1
2024-08-31,17.1,58.5,13.9,178.2
2024-09-01,20.7,50.4,9.9,187.2
2024-09-02,21.6,43.5,7.6,199.1
2024-09-03,19.9,51.1,12.9,27.5
2024-09-04,15,61.5,10,66.6
2024-09-05,18.2,52.2,9,170.2
2024-09-06,21.4,39.9,7.5,196.1
2024-09-07,21.5,35.2,5.6,64.3
2024-09-08,20.9,38.8,6.4,212
2024-09-09,17.3,48,17.9,296.9
2024-09-10,11.5,77.2,13.1,127.3
2024-09-11,10.8,83.3,11.7,355.3
2024-09-12,10,93.8,23.9,339.9
2024-09-13,13.8,64.2,16.7,328.9
2024-09-14,11.1,78.8,9.9,309.4
2024-09-15,11.4,72.3,7.6,167.2
2024-09-16,13.7,61.8,7.3,84.9
2024-09-17,13.1,69.5,9,87.6
2024-09-18,14.2,69,18.8,340.9
2024-09-19,12.7,71.1,9.8,90
2024-09-20,7.2,83.2,21.5,346.2
2024-09-21,8.7,64.3,10.3,198.8
2024-09-22,15,51,13.6,253.3
2024-09-23,15.3,56,15.4,267
2024-09-24,21.4,42.6,12,208.9
2024-09-25,21,43.1,16.3,213.4
2024-09-26,11.9,61.8,16.3,279.3
2024-09-27,14,40.3,16.2,266
2024-09-28,10.6,49.3,11.1,105
2024-09-29,7.6,69.2,18.8,351.4
2024-09-30,7.8,42.9,15.6,263.3
2024-10-01,11.4,46.3,13.1,248.5
2024-10-02,6.8,60.7,13.6,329
2024-10-03,6.7,60.2,12.8,178.2
2024-10-04,8.9,52.5,16.7,223.3
2024-10-05,9.5,48.2,10.1,285.6
2024-10-06,12.3,51.2,7.7,178.7
2024-10-07,15,36.5,11.7,245.5
2024-10-08,13.5,46.2,11.6,241.8
2024-10-09,7.9,62.4,6.7,18.1
2024-10-10,7.1,64,10.7,156.9
2024-10-11,5,63.6,8,354.3
2024-10-12,4.8,60.7,10.4,148.5
2024-10-13,9.2,59.6,11.3,199.8
2024-10-14,15.3,40.2,10.1,225.4
2024-10-15,10.8,62,8.6,25.4
2024-10-16,9.5,65.3,,
2024-10-17,5.4,50.3,17.4,282.8
2024-10-18,4.2,43.8,11.3,183.8
2024-10-19,12.1,43.3,9.8,218.9
2024-10-20,10.1,58.9,12.1,61.4
2024-10-21,-0.7,85.3,18.9,343.6
2024-10-22,0.8,72.5,12.9,228.5
2024-10-23,6.2,35.9,13.8,265.9
2024-10-24,4.1,43,14.2,304.2
2024-10-25,2.5,47.2,11,173
2024-10-26,8.4,47.1,6.6,207.7
2024-10-27,10.8,47.5,21.1,231.5
2024-10-28,3.9,64.8,9.6,64.3
2024-10-29,1.4,83.5,12.8,146.6
2024-10-30,0.8,65.7,6,325.8
2024-10-31,-1.3,76.2,13.5,355.1
2024-11-01,-1.7,85.1,7.2,142.3
2024-11-02,-1,83.9,10,10.9
2024-11-03,0.6,62.8,10.5,280
2024-11-04,1.7,52.8,11.1,228.3
2024-11-05,-0.4,84.6,22.8,329.2
2024-11-06,2.9,59.7,9.6,214.5
2024-11-07,12.5,41.8,20.2,235
2024-11-08,11.6,41.4,12,242.5
2024-11-09,3.9,72.8,12.3,80
2024-11-10,1.2,86.8,15.5,199
2024-11-11,5.2,66.5,15,205.7
2024-11-12,5.4,39,10.5,310.8
2024-11-13,3.7,52.8,7.3,223.3
2024-11-14,4.5,54.4,12.6,244.4
2024-11-15,-2.5,93.6,10.6,26.8
2024-11-16,0.6,64,12.5,208.2
2024-11-17,3.8,48,11.8,194.3
2024-11-18,-2.3,90.8,9.8,40.4
2024-11-19,-6.3,87.5,7.9,77.2
2024-11-20,-10.2,90.8,12,133.5
2024-11-21,-11,84.6,10.5,356
2024-11-22,-11.6,87.1,8.2,100.9
2024-11-23,-11.9,84.4,20.4,28.3
2024-11-24,-14.5,76.1,12.7,355.4
2024-11-25,-15.4,84.7,14,177.8
2024-11-26,-10.9,78.1,7.3,349.5
2024-11-27,-11,86,7,317.4
2024-11-28,-15.7,86.4,10.5,122.1
2024-11-29,-16,86,14.6,160.4
2024-11-30,-17.2,84.9,13.5,8.3
2024-12-01,-17,83,12.3,190.8
2024-12-02,-3.7,60.6,15.6,220.4
2024-12-03,5.7,49.5,15.5,266.1
2024-12-04,-3.6,95.4,13.7,163.4
2024-12-05,2.1,73,5.7,311.5
2024-12-06,8.7,44,20.9,260.7
2024-12-07,6.5,60,15.8,264.7
2024-12-08,1.2,71.4,21.4,336.5
2024-12-09,-1.2,69.7,7,248.9
2024-12-10,-2.3,71.2,10.1,231.7
2024-12-11,-1.4,77.1,6.7,204.3
2024-12-12,-6.3,92,10.9,189.1
2024-12-13,1.9,57.5,9.5,249.8
2024-12-14,2.1,58.1,13.8,199.3
2024-12-15,-3.8,71.2,13.2,8.9
2024-12-16,-8.5,91.1,10,151.1
2024-12-17,-14.9,85.8,14.4,94.1
2024-12-18,-15.7,82.3,17,29
2024-12-19,-13.2,80.2,10.4,170.2
2024-12-20,-0.6,64.6,13.4,257.4
2024-12-21,1.6,73.2,10.7,192.4
2024-12-22,2.9,71.6,13.5,296.2
2024-12-23,5,46.2,15.4,265
2024-12-24,3.5,53.1,11.9,218.1
2024-12-25,3.1,35,13.1,229.7
2024-12-26,0.6,54.3,10.4,234.7
2024-12-27,1.5,51,13.1,336.5
2024-12-28,-3.3,66,6.7,267.1
2024-12-29,-5.6,71.9,5.1,0.2
2024-12-30,-4.8,85.8,9.9,3
2024-12-31,-8.7,87.7,7,73.1
2025-01-01,-14.1,82,6.6,54.1
2025-01-02,-16.7,84.3,7.9,76.8
2025-01-03,-16.4,85.6,21.4,161.9
2025-01-04,-15.2,83.8,14.2,163.4
2025-01-05,-14.7,81.2,7,357.4
2025-01-06,-6.9,79.2,6.5,257.9
2025-01-07,-1,59.1,12.6,217.6
2025-01-08,4.5,50.8,24.1,306.4
2025-01-09,-2.5,69.8,7.7,200.6
2025-01-10,5.7,49.7,23.1,307.7
2025-01-11,1.4,68.8,23.3,328.5
2025-01-12,-0.6,69.8,11.5,335.1
2025-01-13,0.1,51.3,12.1,267.8
2025-01-14,3.7,50.2,16.6,226.9
2025-01-15,4.4,58.4,10.1,187.3
2025-01-16,3.6,53.8,26.2,294.9
2025-01-17,-9.3,77.1,21.7,3.6
2025-01-18,-17.2,77.3,16.2,166.2
2025-01-19,-15,74.3,14.9,6.5
2025-01-20,-10.8,58.3,14.3,223.3
2025-01-21,0.1,36.5,29.5,293.6
2025-01-22,-1.8,57.2,20.6,314
2025-01-23,-1,57.8,20.6,286.6
2025-01-24,-3,50.8,23.5,324
2025-01-25,-3.1,42.2,8.2,275.6
2025-01-26,0.8,42.1,7.6,224.4
2025-01-27,3.6,37.8,9.3,255.7
2025-01-28,4.5,36.2,9.4,206
2025-01-29,5.2,37.4,20.1,238.9
2025-01-30,-1.8,67,18,100.1
2025-01-31,-7.2,94.5,14.3,128.2
2025-02-01,-15.5,86,16.2,11.5
2025-02-02,-24,67.6,15.3,16.1
2025-02-03,-24.9,67.3,7.9,62.4
2025-02-04,-23.9,64.1,11.5,13.4
2025-02-05,-22.5,67.5,11,348.7
2025-02-06,-16,70.4,11.9,274.4
2025-02-07,-17,78.5,13,168.4
2025-02-08,-12.9,73.3,7.7,17.4
2025-02-09,-14.8,71.3,13.8,351.4
2025-02-10,-20.3,64.5,11.2,240.6
2025-02-11,-15.5,69.9,12.9,346.7
2025-02-12,-13.3,60,8.7,215.6
2025-02-13,-14.2,82,10.2,98.1
2025-02-14,-19.6,76.2,10.9,73
2025-02-15,-20.8,71.9,7,9.6
2025-02-16,-21.8,75.2,10,128.9
2025-02-17,-24.2,75.4,16.9,163
2025-02-18,-23.6,69.9,14,169.3
2025-02-19,-22.2,73,15.5,180.9
2025-02-20,-2.4,59.4,7,274.8
2025-02-21,5,42.8,16.8,252
2025-02-22,6.1,46.8,17.6,230.3
2025-02-23,7.8,37.8,26,271.5
2025-02-24,5.1,46,14.3,247.6
2025-02-25,5.3,40.5,13.5,290.9
2025-02-26,6.8,36.2,18.2,258.3
2025-02-27,8.2,36.6,23.1,276.4
2025-02-28,2.9,58.3,8.5,156.1
2025-03-01,5,59.5,6.2,229.4
2025-03-02,4.2,54,11.1,6.6
2025-03-03,-0.2,82,14.4,3.3
2025-03-04,-1.6,76.8,9.9,192.5
2025-03-05,0.7,62.3,9.3,9.9
2025-03-06,0.7,63.8,8.7,229.4
2025-03-07,4.8,36.5,12.6,287
2025-03-08,7.4,37.2,15,294.9
2025-03-09,5,50,19.1,285.8
2025-03-10,-1.2,78.8,15.5,165.2
2025-03-11,1.2,50.2,13.8,253.8
2025-03-12,-0.4,70.1,14.4,90.3
2025-03-13,-4.2,92.5,17,44.1
2025-03-14,-8.7,75.8,11.7,56.8
2025-03-15,-10,83.4,14.9,117.3
2025-03-16,-8.3,91,12.2,141.4
2025-03-17,-1.6,60.1,9.1,267
2025-03-18,-2.1,69.5,14.6,85
2025-03-19,2,33.6,7.2,246.4
2025-03-20,3.5,39.4,13.7,300.9
2025-03-21,3,35.2,14.4,233
2025-03-22,1.3,43,10.1,339.1
2025-03-23,3.5,36.7,9.2,195.3
2025-03-24,5,49.5,12.3,12.2
2025-03-25,4.5,44.2,10.5,127.4
2025-03-26,5.1,72.3,14.7,115.9
2025-03-27,-0.6,89.8,17.8,9.9
2025-03-28,-5.2,84.6,12.7,71.1
2025-03-29,-5.4,84.8,10.1,130.6
2025-03-30,-3.9,84.8,18.5,173.5
2025-03-31,-0.4,81.8,17.3,149
2025-04-01,1.9,78.3,13.4,92.6
2025-04-02,-2.5,79.8,14.2,22.8
2025-04-03,-2.5,64.1,13.8,358.3
2025-04-04,0.9,53.8,6.5,247.8
2025-04-05,7.8,35.3,7.9,201.6
2025-04-06,11.6,28.6,10,164.5
2025-04-07,11.2,41.5,13.9,221.2
2025-04-08,7.3,51.6,16.5,318.3
2025-04-09,7.9,38,13.9,299.4
2025-04-10,10,31,14.2,190
2025-04-11,11,27.7,17.1,321.5
2025-04-12,3.1,56,15.6,359.2
2025-04-13,3.1,42,13.7,326.6
2025-04-14,7.2,36.2,9.8,181.4
2025-04-15,11.9,34.7,,
2025-04-16,3.3,42,26.3,342.4
2025-04-17,2.4,40.2,15.2,354.5
2025-04-18,6.8,34.7,10.3,183.5
2025-04-19,8.9,56.4,21.6,42.8
2025-04-20,2.4,72.1,13.9,173
2025-04-21,1.3,91.1,14.2,275.6
2025-04-22,2.8,65.3,15.1,2.4
2025-04-23,4.9,50,6.2,13.9
2025-04-24,7.3,42,13.3,163.4
2025-04-25,10.4,37.1,22.2,170.2
2025-04-26,12.2,32.3,8.6,210.3
2025-04-27,4.7,67.6,21.4,14.7
2025-04-28,8.7,55.4,12.2,205.3
2025-04-29,10.5,50,17.3,341.4
2025-04-30,9.5,44.6,7.5,32.6
2025-05-01,12.2,34.8,12.1,185.9
2025-05-02,16.7,23.8,7.1,212.1
2025-05-03,18.3,27,13.8,233.7
2025-05-04,7.9,53.3,19.8,318.5
2025-05-05,8.9,30.2,13.1,247.9
2025-05-06,11.7,30.1,25.7,172.1
2025-05-07,13.8,37.1,12.2,194.7
2025-05-08,11.6,43.5,17.4,3.3
2025-05-09,13.8,28.1,12.8,197.9
2025-05-10,15,26,12,322.3
2025-05-11,13.9,37.8,13.6,46.5
2025-05-12,7.6,82,15.9,346.6
2025-05-13,10.2,63,14.9,258.4
2025-05-14,11.2,59,13.6,342.8
2025-05-15,6.7,72.4,23.5,5.2
2025-05-16,8.4,71.2,11.2,140.9
2025-05-17,9,78.2,12.1,128.7
2025-05-18,7.7,89.5,8.6,99
2025-05-19,7.8,75.5,13.8,156.2
2025-05-20,9,65.5,13,0.1
2025-05-21,7.4,73.7,19.1,331.5
2025-05-22,9.6,59.6,10.2,213.4
2025-05-23,11.1,66.2,12.8,147.5
2025-05-24,13.4,61.6,16,168.8
2025-05-25,17.1,51,17.1,168.6
2025-05-26,18.2,46.2,20.5,202
2025-05-27,18.1,30.6,16,257
2025-05-28,19.3,40.3,13.3,140.3
2025-05-29,20.3,42.3,14.9,208.5
2025-05-30,18,42.4,14.2,268.5
2025-05-31,21.3,35,19.7,204
2025-06-01,10.6,49.2,19.5,338
2025-06-02,11.9,38.1,12.5,348.3
2025-06-03,11.9,40.8,16.4,332.9
2025-06-04,13.2,48.7,8.2,231.6
2025-06-05,16.6,42.2,12.7,212.6
2025-06-06,20.7,29.3,17.4,286.6
2025-06-07,15.1,34.5,21.7,341.5
2025-06-08,17.6,34.3,8.2,184
2025-06-09,21.3,28.1,16.1,80.4
2025-06-10,17.1,32.8,19.8,130.6
2025-06-11,17.5,34.5,12.7,118.3
2025-06-12,14.2,74.9,14.2,143.4
2025-06-13,16.4,61,18.8,193.1
2025-06-14,15,58.2,13.4,35
2025-06-15,15.3,57.1,11.4,293.5
2025-06-16,16.9,49,12.1,168.6
2025-06-17,16.7,54.9,10.8,8.4
2025-06-18,16.7,53.9,15.9,92.1
2025-06-19,15.6,53.9,15.8,16.6
2025-06-20,12,82.8,12.4,43.7
2025-06-21,8.4,84,35.2,5.2
2025-06-22,10,57.6,11.4,10.3
2025-06-23,11.6,62,14,5.2
2025-06-24,14.4,65.2,13.4,152.6
2025-06-25,16.6,55,10.3,265.1
2025-06-26,17.9,46.7,13.2,301.4
2025-06-27,16.3,57.8,10.7,324.3
2025-06-28,14.6,61.4,9.7,355.6
2025-06-29,17.8,46.2,12.7,201.5
2025-06-30,19.2,54,9,36.5
2025-07-01,21.2,54.6,14.3,173.8
2025-07-02,23.1,46,12.3,217.4
2025-07-03,16.8,58.3,20.6,355.9
2025-07-04,15.3,60.8,10.9,125.8
2025-07-05,15.9,62.6,22.5,169.5
2025-07-06,15.4,65.8,14.7,331.7
2025-07-07,17.8,62.7,12.2,169.6
2025-07-08,24.9,39.1,11.4,215.6
2025-07-09,20.5,52.4,10.9,87.7
2025-07-10,13.4,66.6,13.7,300.9
2025-07-11,18.2,47.2,14.4,215.6
2025-07-12,23.2,32.7,15.3,322.1
2025-07-13,18.6,58.7,15,50.5
2025-07-14,12.2,92.2,15,29.5
2025-07-15,13.2,68.8,11.1,139.1
2025-07-16,14.1,64.7,21.1,151.5
2025-07-17,13,85.2,15.7,4.7
2025-07-18,14.7,76.4,13.9,145
2025-07-19,16,75.4,16.4,337.8
2025-07-20,14.1,81.8,17.7,331
2025-07-21,14.4,76.4,18.6,6.5
2025-07-22,8.8,90.8,15.3,352.6
2025-07-23,14.8,69.3,13,177.6
2025-07-24,20.9,51.8,12.1,216
2025-07-25,15.2,67.5,15.7,340.8
2025-07-26,12.6,86.3,7.7,26.9
2025-07-27,13.7,86.3,7.5,29.8
2025-07-28,13.8,90.8,9.7,85.8
2025-07-29,16.6,76.6,11.1,181.8
2025-07-30,19.3,71.1,16.6,161.9
2025-07-31,20.2,64.3,16.6,152.4
2025-08-01,20.2,66.2,12.6,135
2025-08-02,20.4,66.6,9.6,345.9
2025-08-03,17.8,73,13,335.7
2025-08-04,16.6,73.2,10,289.2
2025-08-05,17.2,64.5,7.9,353.6
2025-08-06,18.6,56.8,10.9,176.1
2025-08-07,15.2,70.2,12.5,332.1
2025-08-08,14.3,77,24.3,323.7
2025-08-09,17.8,60,15.4,24.8
2025-08-10,20.7,59.5,11.8,282.8
2025-08-11,18.7,64.7,12.6,356.5
2025-08-12,19.9,63.5,9.1,156.2
2025-08-13,16.1,76.1,20.3,346.6
2025-08-14,12.4,70.2,8.6,59.2
2025-08-15,15.3,72.4,14,155.9
2025-08-16,19.1,55.2,11,236
2025-08-17,18.5,54,8.6,209.1
2025-08-18,17.8,52.4,9.3,279.5
2025-08-19,18.9,52.7,8,349.3
2025-08-20,15.4,67,18.3,4.1
2025-08-21,14.2,56.4,11.1,14.7
2025-08-22,14.7,57.7,11.1,155.9
2025-08-23,16.1,58.7,10,173.5
2025-08-24,18.7,51.5,11,174.2
2025-08-25,19.7,52.8,7.5,20.9
2025-08-26,20.2,52.7,5.3,38.2
2025-08-27,20.7,48.5,12,186.2
2025-08-28,19.5,49.8,11.2,189.5
2025-08-29,19.6,50.5,7.8,160.8
2025-08-30,18.8,53,13.7,203.9
2025-08-31,19.5,51.3,7,337.1
2025-09-01,19.6,53.8,8.2,60.3
2025-09-02,16.1,72.7,12,84
2025-09-03,16.3,65.1,8.4,277.4
2025-09-04,14,61.5,11.5,333.3
2025-09-05,13,59.4,13.1,165.3
2025-09-06,17.2,48.6,8.2,179.8
2025-09-07,18.9,54,8.9,7.5
2025-09-08,19,54.6,6.1,357.2
2025-09-09,18.3,55.1,4.5,199.6
2025-09-10,16.5,58.6,11.6,317.1
2025-09-11,17.5,55,6.6,140.8
2025-09-12,17.9,55.2,6.1,6
2025-09-13,17.9,57.3,8.4,191.6
2025-09-14,18.2,52,7.6,325.7
2025-09-15,16.5,61.7,19.5,340.5
2025-09-16,16.7,59,10.1,167.8
2025-09-17,17.3,52.7,16.4,176.8
2025-09-18,15.3,54.1,9.6,359.8
2025-09-19,15.7,60.4,7.8,33.8
2025-09-20,18.8,46.1,5,323.4
2025-09-21,18,38.1,20.4,263.8
2025-09-22,14.2,44.2,13.3,206.2
2025-09-23,20.3,32.3,12.4,218.7
2025-09-24,12.6,52.6,15.8,22.6
2025-09-25,12.9,55.5,15.5,145.9
2025-09-26,12.6,43.5,16.3,254.5
2025-09-27,15.5,39.3,14.3,258.5
2025-09-28,10,59.9,19.8,169.3
2025-09-29,16.5,44.5,18,189.1
2025-09-30,14.6,54,8.6,2.7
2025-10-01,11.9,57.2,10.9,237.6
2025-10-02,13.5,36.8,7.9,230.9
2025-10-03,13.4,33.2,13.1,255.9
2025-10-04,6.6,65.1,14.8,355.2
2025-10-05,4.2,58,11.6,243.7
2025-10-06,6.4,56.9,7,193
2025-10-07,13.7,45.8,11.9,195.3
2025-10-08,7.7,57.2,11.9,15.4
2025-10-09,6.9,59.7,11.5,181.3
2025-10-10,9.9,61.8,13,195.3
2025-10-11,9.6,56.4,23.3,286.5
2025-10-12,-1.3,76,23,357.8
2025-10-13,-2.8,64.9,15.6,167
2025-10-14,-0.6,74.5,14.6,182.5
2025-10-15,3.8,58.4,8.5,206.4
2025-10-16,8.8,47.3,13.6,214.9
2025-10-17,5.2,60.4,13.9,297.6
2025-10-18,6.5,33.7,14.9,242.5
2025-10-19,6.5,52.7,18,301.3
2025-10-20,5.6,54.6,12.7,255
2025-10-21,8.4,37.3,16.3,301.7
2025-10-22,5.3,49.7,8.1,211.4
2025-10-23,11.7,30.9,14.5,268.7
2025-10-24,12.5,33.2,16,195.9
2025-10-25,10.1,33.2,19.5,169.8
2025-10-26,6,41.5,17.2,251.4
2025-10-27,4.6,26.1,23.4,278.1
2025-10-28,3.4,29.9,16,205.8
2025-10-29,7.5,35.5,23.7,271.8
2025-10-30,3.5,54,7.2,313.1
2025-10-31,1.8,58.8,8.2,209.2
2025-11-01,9.6,55.2,14.2,220.3
2025-11-02,2.9,53.6,22.3,265.7
2025-11-03,3.6,32.1,8.3,202.8
2025-11-04,1,45.9,8.5,245.9
2025-11-05,-1,70.8,8.1,169
2025-11-06,6.2,54.2,14.8,248.9
2025-11-07,-0.1,90,15.3,11.7
2025-11-08,2.2,59.7,12,158.7
2025-11-09,2.7,71.3,9.3,184.5
2025-11-10,11.4,32.9,23.4,256.9
2025-11-11,5.8,43.4,14.3,288.7
2025-11-12,2.1,67.5,6.1,132.9
2025-11-13,6.2,62.9,10.3,212.7
2025-11-14,-0.9,81.3,11.5,120.4
2025-11-15,2,72.8,7.5,185.5
2025-11-16,2.6,73.1,7.3,139.4
2025-11-17,5.1,70.3,11,325.8
2025-11-18,-1.3,86.8,7.3,63.3
2025-11-19,0.3,76.2,8.8,228.2
2025-11-20,0.3,63.8,9.1,216.1
2025-11-21,6.4,42.1,14.6,284.9
2025-11-22,3.8,53.7,7.3,199.1
2025-11-23,,,,